,method,distance_threshold_number,confusion_matrix_training,matthews_cc_training,num_undefined_training,confusion_matrix_validation,matthews_cc_validation,threshold,num_undefined_validation
0,t-sne,t-sne_label_0,"[[1332053   11497]
 [ 124170   50433]]",0.4520544022300717,165,"[[1319199   28391]
 [ 122444   49862]]",0.3849379232308334,0.0,268
1,t-sne,t-sne_label_1,"[[1333204   10346]
 [ 118769   55834]]",0.48760820146473466,153,"[[1338393    9197]
 [ 120060   52246]]",0.47710344058197873,2.0,139
2,t-sne,t-sne_label_2,"[[1338163    5387]
 [  86239   88364]]",0.665453530404792,2,"[[1342313    5277]
 [  91325   80981]]",0.6386438032660665,4.0,6
3,t-sne,t-sne_label_3,"[[1329940   13610]
 [  61431  113172]]",0.7357814253167423,0,"[[1342078    5512]
 [  83459   88847]]",0.6720967205409041,6.0,0
4,t-sne,t-sne_label_4,"[[1329742   13808]
 [  42603  132000]]",0.8074363017986972,0,"[[1341517    6073]
 [  45214  127092]]",0.8220422681360474,8.0,0
5,t-sne,t-sne_label_5,"[[1329594   13956]
 [  38866  135737]]",0.8208059538448833,0,"[[1318881   28709]
 [  46212  126094]]",0.7447690345869242,10.0,0
6,t-sne,t-sne_label_6,"[[1305906   37644]
 [  38866  135737]]",0.7516797456584364,0,"[[1289908   57682]
 [  17775  154531]]",0.781211062505094,12.0,0
7,t-sne,t-sne_label_7,"[[1306136   37414]
 [  55311  119292]]",0.6872220045402944,0,"[[1246047  101543]
 [  11981  160325]]",0.7179055882764491,14.0,0
8,t-sne,t-sne_label_8,"[[1282787   60763]
 [  38710  135893]]",0.6964858834130748,0,"[[1266135   81455]
 [  37414  134892]]",0.6555088986566259,16.0,0
9,t-sne,t-sne_label_9,"[[1049629  293921]
 [  17422  157181]]",0.47572931412268193,0,"[[883407 464183]
 [ 26430 145876]]",0.3247879938982908,18.0,0
10,t-sne,t-sne_label_10,"[[1084937  258613]
 [   4934  169669]]",0.5524346283302211,0,"[[1170403  177187]
 [  32859  139447]]",0.5291525475585523,20.0,0
11,umap,umap_label_11,"[[1317603   25947]
 [ 125249   49354]]",0.38697048786534854,228,"[[1327789   19801]
 [ 118301   54005]]",0.44062216985040376,0.0,181
12,umap,umap_label_12,"[[1248896   94654]
 [  50480  124123]]",0.5817822452615746,0,"[[1258011   89579]
 [  34096  138210]]",0.653404853316818,2.0,0
13,umap,umap_label_13,"[[1220510  123040]
 [  27890  146713]]",0.6248756090066729,0,"[[1183375  164215]
 [  11486  160820]]",0.6274567833895879,4.0,0
14,umap,umap_label_14,"[[1208724  134826]
 [   8507  166096]]",0.6809760588570173,0,"[[1183375  164215]
 [  11486  160820]]",0.6274567833895879,6.0,0
15,umap,umap_label_15,"[[924490 419060]
 [  7991 166612]]",0.4209810925661436,0,"[[1172257  175333]
 [   1337  170969]]",0.6516530127406116,8.0,0
16,umap,umap_label_16,"[[1175976  167574]
 [  27884  146719]]",0.5634469705433774,0,"[[1029400  318190]
 [   1337  170969]]",0.5131241220551869,10.0,0
17,umap,umap_label_17,"[[1126111  217439]
 [   1157  173446]]",0.6067291852621562,0,"[[1019049  328541]
 [  21403  150903]]",0.4311779928760573,12.0,0
18,umap,umap_label_18,"[[857855 485695]
 [ 19989 154614]]",0.33852752969183364,0,"[[ 199369 1148221]
 [     14  172292]]",0.13885929591546284,14.0,0
19,umap,umap_label_19,"[[439555 903995]
 [   167 174436]]",0.2294327198150856,0,"[[751548 596042]
 [     0 172306]]",0.3536475792558175,16.0,0
20,umap,umap_label_20,"[[435762 907788]
 [  7344 167259]]",0.19808785906160387,0,"[[595845 751745]
 [  1323 170983]]",0.2820405571864992,18.0,0
21,umap,umap_label_21,"[[586392 757158]
 [   480 174123]]",0.284138926115845,0,"[[595845 751745]
 [  1323 170983]]",0.2820405571864992,20.0,0
22,mds,mds_label_22,"[[1133544  210006]
 [ 113443   61160]]",0.16156478372263094,677,"[[1088478  259112]
 [ 105490   66816]]",0.1510123222961673,0.0,772
23,mds,mds_label_23,"[[1206009  137541]
 [  33120  141483]]",0.5831374308487639,150,"[[1220372  127218]
 [  39496  132810]]",0.5694355476109499,2.0,200
24,mds,mds_label_24,"[[ 336951 1006599]
 [  12802  161801]]",0.13446322424505994,43,"[[826889 520701]
 [ 12727 159579]]",0.34413741896002575,4.0,31
25,mds,mds_label_25,"[[ 326931 1016619]
 [   7853  166750]]",0.15263660811085986,12,"[[ 284710 1062880]
 [   6836  165470]]",0.13817561202999737,6.0,27
26,mds,mds_label_26,"[[ 206348 1137202]
 [    372  174231]]",0.1408860865223043,0,"[[  76497 1271093]
 [   3772  168534]]",0.049435406006070895,8.0,17
27,mds,mds_label_27,"[[ 214281 1129269]
 [    239  174364]]",0.14481968217525476,3,"[[ 160351 1187239]
 [   9602  162704]]",0.06364540164390832,10.0,10
28,mds,mds_label_28,"[[ 216046 1127504]
 [    685  173918]]",0.14306995825503377,9,"[[ 201171 1146419]
 [    304  172002]]",0.137922692754903,12.0,5
29,mds,mds_label_29,"[[ 211166 1132384]
 [      6  174597]]",0.144868898950856,0,"[[646155 701435]
 [  7878 164428]]",0.27775539583055303,14.0,6
30,mds,mds_label_30,"[[ 219093 1124457]
 [    362  174241]]",0.14606413427777082,7,"[[ 201165 1146425]
 [     78  172228]]",0.13921277222359246,16.0,3
31,mds,mds_label_31,"[[ 224000 1119550]
 [   1030  173573]]",0.144398225815271,17,"[[757030 590560]
 [ 10218 162088]]",0.3186181414820842,18.0,8
32,mds,mds_label_32,"[[ 214578 1128972]
 [   1004  173599]]",0.14071889364916576,12,"[[ 202739 1144851]
 [    120  172186]]",0.13960385151210597,20.0,4
33,pca,pca_label_33,"[[1304932   38618]
 [ 129093   45510]]",0.3233810654632669,310,"[[1293532   54058]
 [ 126422   45884]]",0.2893146521581427,0.0,364
34,pca,pca_label_34,"[[1130906  212644]
 [   8374  166229]]",0.5851741304278065,9,"[[1144672  202918]
 [   8714  163592]]",0.5920568273006676,2.0,3
35,pca,pca_label_35,"[[  61323 1282227]
 [    164  174439]]",0.07234693389220281,1,"[[  74605 1272985]
 [    195  172111]]",0.07948226572890937,4.0,0
36,pca,pca_label_36,"[[  61323 1282227]
 [    164  174439]]",0.07234693389220281,1,"[[  74605 1272985]
 [    195  172111]]",0.07948226572890937,6.0,0
37,pca,pca_label_37,"[[  61323 1282227]
 [    164  174439]]",0.07234693389220281,1,"[[  74605 1272985]
 [    195  172111]]",0.07948226572890937,8.0,0
38,pca,pca_label_38,"[[  61323 1282227]
 [    164  174439]]",0.07234693389220281,1,"[[  74605 1272985]
 [    195  172111]]",0.07948226572890937,10.0,0
39,pca,pca_label_39,"[[  61323 1282227]
 [    164  174439]]",0.07234693389220281,1,"[[  74605 1272985]
 [    195  172111]]",0.07948226572890937,12.0,0
40,pca,pca_label_40,"[[  61323 1282227]
 [    164  174439]]",0.07234693389220281,1,"[[  74605 1272985]
 [    195  172111]]",0.07948226572890937,14.0,0
41,pca,pca_label_41,"[[  61323 1282227]
 [    164  174439]]",0.07234693389220281,1,"[[  74605 1272985]
 [    195  172111]]",0.07948226572890937,16.0,0
42,pca,pca_label_42,"[[  61323 1282227]
 [    164  174439]]",0.07234693389220281,1,"[[  74605 1272985]
 [    195  172111]]",0.07948226572890937,18.0,0
43,pca,pca_label_43,"[[  61323 1282227]
 [    164  174439]]",0.07234693389220281,1,"[[  74605 1272985]
 [    195  172111]]",0.07948226572890937,20.0,0
44,t-sne,t-sne_label_44,"[[1328082   19508]
 [ 113129   59177]]",0.4707270612828538,221,"[[1329178   14372]
 [ 124172   50431]]",0.43896135427251504,0.0,185
45,t-sne,t-sne_label_45,"[[1340371    7219]
 [ 120665   51641]]",0.48367082829544616,113,"[[1335262    8288]
 [ 112346   62257]]",0.5310695130419275,2.0,138
46,t-sne,t-sne_label_46,"[[1342469    5121]
 [  90650   81656]]",0.6423574872451601,0,"[[1338002    5548]
 [  84075   90528]]",0.6739726135364488,4.0,0
47,t-sne,t-sne_label_47,"[[1342041    5549]
 [  75628   96678]]",0.7049967749701488,2,"[[1332041   11509]
 [  46676  127927]]",0.7998908947087422,6.0,0
48,t-sne,t-sne_label_48,"[[1341765    5825]
 [  52747  119559]]",0.7946298157960885,0,"[[1329594   13956]
 [  41953  132650]]",0.8093720300129712,8.0,0
49,t-sne,t-sne_label_49,"[[1311886   35704]
 [  36914  135392]]",0.7616083771475302,0,"[[1329594   13956]
 [  38866  135737]]",0.8208059538448833,10.0,0
50,t-sne,t-sne_label_50,"[[1311886   35704]
 [  36914  135392]]",0.7616083771475302,0,"[[1306156   37394]
 [  44166  130437]]",0.731741722580274,12.0,0
51,t-sne,t-sne_label_51,"[[1294877   52713]
 [  48380  123926]]",0.6727931152144415,0,"[[1189568  153982]
 [  25984  148619]]",0.5882301090215998,14.0,0
52,t-sne,t-sne_label_52,"[[1188273  159317]
 [  52966  119340]]",0.47061606965998315,0,"[[1254522   89028]
 [   5323  169280]]",0.7668906836285364,16.0,0
53,t-sne,t-sne_label_53,"[[1233365  114225]
 [  23786  148520]]",0.6516234720857857,0,"[[1008737  334813]
 [   9431  165172]]",0.47300293912899133,18.0,0
54,t-sne,t-sne_label_54,"[[1172929  174661]
 [   6820  165486]]",0.6319785502330136,0,"[[1060933  282617]
 [  51118  123485]]",0.3581180025293403,20.0,0
55,umap,umap_label_55,"[[1322216   25374]
 [ 121850   50456]]",0.3989914174939305,220,"[[1322790   20760]
 [ 124321   50282]]",0.4116749573387845,0.0,204
56,umap,umap_label_56,"[[1252233   95357]
 [  27194  145112]]",0.6701620956793594,0,"[[1251413   92137]
 [  66185  108418]]",0.5204379751895825,2.0,0
57,umap,umap_label_57,"[[1195375  152215]
 [  31566  140740]]",0.5657133089765233,0,"[[1175976  167574]
 [  27884  146719]]",0.5634469705433774,4.0,0
58,umap,umap_label_58,"[[1183375  164215]
 [  11486  160820]]",0.6274567833895879,0,"[[1164190  179360]
 [   8501  166102]]",0.6223233201659806,6.0,0
59,umap,umap_label_59,"[[1029400  318190]
 [   1337  170969]]",0.5131241220551869,0,"[[1126111  217439]
 [   1157  173446]]",0.6067291852621562,8.0,0
60,umap,umap_label_60,"[[737650 609940]
 [  1337 170969]]",0.34229665123888725,0,"[[886411 457139]
 [   647 173956]]",0.42468270112596346,10.0,0
61,umap,umap_label_61,"[[966589 381001]
 [ 21417 150889]]",0.3941626842314878,0,"[[1095378  248172]
 [   8183  166420]]",0.550228173412926,12.0,0
62,umap,umap_label_62,"[[987150 360440]
 [  1323 170983]]",0.48192081757379807,0,"[[439555 903995]
 [   167 174436]]",0.2294327198150856,14.0,0
63,umap,umap_label_63,"[[1029400  318190]
 [   1337  170969]]",0.5131241220551869,0,"[[586392 757158]
 [   480 174123]]",0.284138926115845,16.0,0
64,umap,umap_label_64,"[[983289 364301]
 [  1323 170983]]",0.479218459931253,0,"[[586392 757158]
 [   480 174123]]",0.284138926115845,18.0,0
65,umap,umap_label_65,"[[595845 751745]
 [  1323 170983]]",0.2820405571864992,0,"[[709452 634098]
 [   998 173605]]",0.33396632340529664,20.0,0
66,mds,mds_label_66,"[[1030043  317547]
 [  97036   75270]]",0.14570733118603396,860,"[[1102685  240865]
 [ 116363   58240]]",0.1237498784136556,0.0,737
67,mds,mds_label_67,"[[1218148  129442]
 [  36861  135445]]",0.5766811778073577,182,"[[1208081  135469]
 [  37407  137196]]",0.5692654584498681,2.0,188
68,mds,mds_label_68,"[[771904 575686]
 [  9864 162442]]",0.32703965188096434,47,"[[363486 980064]
 [ 13430 161173]]",0.14298880278284556,4.0,39
69,mds,mds_label_69,"[[ 327125 1020465]
 [  10804  161502]]",0.1372766239846635,25,"[[ 220619 1122931]
 [   1125  173478]]",0.14251497687126385,6.0,14
70,mds,mds_label_70,"[[ 301055 1046535]
 [   7396  164910]]",0.1422690860719716,6,"[[  79408 1264142]
 [   3926  170677]]",0.05129035010631334,8.0,8
71,mds,mds_label_71,"[[ 202818 1144772]
 [   1823  170483]]",0.1299632836744473,22,"[[ 220280 1123270]
 [   1464  173139]]",0.14053315089920132,10.0,14
72,mds,mds_label_72,"[[  62265 1285325]
 [   2920  169386]]",0.04578394165493378,21,"[[ 219084 1124466]
 [    843  173760]]",0.14343068499753783,12.0,11
73,mds,mds_label_73,"[[  57131 1290459]
 [   2948  169358]]",0.04114300548292084,11,"[[ 213042 1130508]
 [    366  174237]]",0.14362052673677092,14.0,6
74,mds,mds_label_74,"[[ 202626 1144964]
 [    233  172073]]",0.13891429939322028,4,"[[  55228 1288322]
 [   3166  171437]]",0.038111365605494454,16.0,18
75,mds,mds_label_75,"[[ 204241 1143349]
 [    347  171959]]",0.1389156101533942,6,"[[ 245744 1097806]
 [   3042  171561]]",0.14262723532136054,18.0,34
76,mds,mds_label_76,"[[ 202626 1144964]
 [    233  172073]]",0.13891429939322028,4,"[[ 231383 1112167]
 [   1557  173046]]",0.14455397968404488,20.0,22
77,pca,pca_label_77,"[[1293532   54058]
 [ 126422   45884]]",0.2893146521581427,364,"[[1304932   38618]
 [ 129093   45510]]",0.3233810654632669,0.0,310
78,pca,pca_label_78,"[[1144672  202918]
 [   8714  163592]]",0.5920568273006676,3,"[[1130906  212644]
 [   8374  166229]]",0.5851741304278065,2.0,9
79,pca,pca_label_79,"[[  74605 1272985]
 [    195  172111]]",0.07948226572890937,0,"[[  61323 1282227]
 [    164  174439]]",0.07234693389220281,4.0,1
80,pca,pca_label_80,"[[  74605 1272985]
 [    195  172111]]",0.07948226572890937,0,"[[  61323 1282227]
 [    164  174439]]",0.07234693389220281,6.0,1
81,pca,pca_label_81,"[[  74605 1272985]
 [    195  172111]]",0.07948226572890937,0,"[[  61323 1282227]
 [    164  174439]]",0.07234693389220281,8.0,1
82,pca,pca_label_82,"[[  74605 1272985]
 [    195  172111]]",0.07948226572890937,0,"[[  61323 1282227]
 [    164  174439]]",0.07234693389220281,10.0,1
83,pca,pca_label_83,"[[  74605 1272985]
 [    195  172111]]",0.07948226572890937,0,"[[  61323 1282227]
 [    164  174439]]",0.07234693389220281,12.0,1
84,pca,pca_label_84,"[[  74605 1272985]
 [    195  172111]]",0.07948226572890937,0,"[[  61323 1282227]
 [    164  174439]]",0.07234693389220281,14.0,1
85,pca,pca_label_85,"[[  74605 1272985]
 [    195  172111]]",0.07948226572890937,0,"[[  61323 1282227]
 [    164  174439]]",0.07234693389220281,16.0,1
86,pca,pca_label_86,"[[  74605 1272985]
 [    195  172111]]",0.07948226572890937,0,"[[  61323 1282227]
 [    164  174439]]",0.07234693389220281,18.0,1
87,pca,pca_label_87,"[[  74605 1272985]
 [    195  172111]]",0.07948226572890937,0,"[[  61323 1282227]
 [    164  174439]]",0.07234693389220281,20.0,1
88,t-sne,t-sne_label_88,"[[1335776    9416]
 [ 119770   53191]]",0.48021149900250815,126,"[[1335745   10088]
 [ 118092   55971]]",0.4904987973800498,0.0,146
89,t-sne,t-sne_label_89,"[[1334338   10854]
 [ 123701   49260]]",0.45087742418583837,141,"[[1336935    8898]
 [ 116781   57282]]",0.5032031532182257,2.0,139
90,t-sne,t-sne_label_90,"[[1340143    5049]
 [  83230   89731]]",0.6763778569819081,1,"[[1340276    5557]
 [  90194   83869]]",0.6464498299385418,4.0,7
91,t-sne,t-sne_label_91,"[[1339574    5618]
 [  60757  112204]]",0.7654078259854695,0,"[[1335460   10373]
 [  73020  101043]]",0.6998331862249545,6.0,0
92,t-sne,t-sne_label_92,"[[1339695    5497]
 [  47296  125665]]",0.8170375321535822,0,"[[1335353   10480]
 [  55585  118478]]",0.7689620788969351,8.0,0
93,t-sne,t-sne_label_93,"[[1280408   64784]
 [  32045  140916]]",0.711635368250045,0,"[[1281109   64724]
 [  55267  118796]]",0.6200168297613315,10.0,0
94,t-sne,t-sne_label_94,"[[1284684   60508]
 [   9583  163378]]",0.8061146079996192,0,"[[1259277   86556]
 [  33717  140346]]",0.6630155568816772,12.0,0
95,t-sne,t-sne_label_95,"[[1284425   60767]
 [   6660  166301]]",0.8163160953379923,0,"[[1259499   86334]
 [  37343  136720]]",0.6491191294189802,14.0,0
96,t-sne,t-sne_label_96,"[[1252591   92601]
 [   5266  167695]]",0.7592842710196779,0,"[[1216551  129282]
 [  38379  135684]]",0.5736548721417148,16.0,0
97,t-sne,t-sne_label_97,"[[1256324   88868]
 [  52873  120088]]",0.579380970637709,0,"[[1000993  344840]
 [  21563  152500]]",0.42072115637818175,18.0,0
98,t-sne,t-sne_label_98,"[[1042813  302379]
 [  48052  124909]]",0.3514163071810944,0,"[[1107203  238630]
 [   9969  164094]]",0.5523105725209648,20.0,0
99,umap,umap_label_99,"[[1322096   23096]
 [ 118228   54733]]",0.4311613850269446,174,"[[1320782   25051]
 [ 132085   41978]]",0.3451720631462376,0.0,167
100,umap,umap_label_100,"[[1269696   75496]
 [  44133  128828]]",0.6411756661405056,0,"[[1266365   79468]
 [  54811  119252]]",0.5913767109632319,2.0,0
101,umap,umap_label_101,"[[1185317  159875]
 [  15904  157057]]",0.61696210693752,0,"[[1222916  122917]
 [  22218  151845]]",0.64628992424418,4.0,0
102,umap,umap_label_102,"[[1129062  216130]
 [   5223  167738]]",0.5914725495410287,0,"[[1216141  129692]
 [   9402  164661]]",0.6846597052746987,6.0,0
103,umap,umap_label_103,"[[1124541  220651]
 [   1098  171863]]",0.6020319593712836,0,"[[1156433  189400]
 [   8742  165321]]",0.6090922437307068,8.0,0
104,umap,umap_label_104,"[[1124541  220651]
 [   1098  171863]]",0.6020319593712836,0,"[[765707 580126]
 [  8064 165999]]",0.33290594311468347,10.0,0
105,umap,umap_label_105,"[[982054 363138]
 [  4090 168871]]",0.47042194906059187,0,"[[1066525  279308]
 [  21628  152435]]",0.47185072845166304,12.0,0
106,umap,umap_label_106,"[[896877 448315]
 [  1098 171863]]",0.4268444048187023,0,"[[935322 410511]
 [  8577 165486]]",0.4238453373370756,14.0,0
107,umap,umap_label_107,"[[588258 756934]
 [  1098 171863]]",0.2809634136663995,0,"[[765707 580126]
 [  8064 165999]]",0.33290594311468347,16.0,0
108,umap,umap_label_108,"[[588258 756934]
 [  1098 171863]]",0.2809634136663995,0,"[[755095 590738]
 [   665 173398]]",0.35490701798613017,18.0,0
109,umap,umap_label_109,"[[753032 592160]
 [     0 172961]]",0.35573255429267775,0,"[[765707 580126]
 [  8064 165999]]",0.33290594311468347,20.0,0
110,mds,mds_label_110,"[[1090829  254363]
 [ 103552   69409]]",0.16460273965567357,749,"[[1069333  276500]
 [ 109342   64721]]",0.12697699542124824,0.0,797
111,mds,mds_label_111,"[[1249497   95695]
 [  61790  111171]]",0.5293892441791419,171,"[[1213252  132581]
 [  33572  140491]]",0.5877843896754901,2.0,186
112,mds,mds_label_112,"[[949982 395210]
 [ 13301 159660]]",0.4151968032959092,38,"[[379583 966250]
 [ 11359 162704]]",0.1579370888255733,4.0,41
113,mds,mds_label_113,"[[ 199768 1145424]
 [   2734  170227]]",0.1240069809774204,17,"[[ 224691 1121142]
 [   1633  172430]]",0.1409502109051249,6.0,14
114,mds,mds_label_114,"[[ 210270 1134922]
 [   1244  171717]]",0.13682152507090115,16,"[[ 219241 1126592]
 [   3747  170316]]",0.12724240954697613,8.0,50
115,mds,mds_label_115,"[[ 207177 1138015]
 [    830  172131]]",0.1378724623292969,11,"[[ 225309 1120524]
 [    902  173161]]",0.1451475059681754,10.0,13
116,mds,mds_label_116,"[[ 199448 1145744]
 [    838  172123]]",0.1346547844445892,9,"[[ 214551 1131282]
 [    474  173589]]",0.143178338092416,12.0,6
117,mds,mds_label_117,"[[755610 589582]
 [   110 172851]]",0.35653843704188837,3,"[[ 223861 1121972]
 [    872  173191]]",0.1447302959174937,14.0,13
118,mds,mds_label_118,"[[  58711 1286481]
 [   3029  169932]]",0.042035944686384094,12,"[[ 217828 1128005]
 [    637  173426]]",0.14359440032315915,16.0,10
119,mds,mds_label_119,"[[756477 588715]
 [   189 172772]]",0.3566560662590196,4,"[[ 222023 1123810]
 [   1002  173061]]",0.14328651844437637,18.0,11
120,mds,mds_label_120,"[[ 199569 1145623]
 [   2481  170480]]",0.12535415970924574,30,"[[ 228504 1117329]
 [   1105  172958]]",0.14533301922260405,20.0,17
121,pca,pca_label_121,"[[1294401   50791]
 [ 131221   41740]]",0.2703530622178292,347,"[[1299877   45956]
 [ 126938   47125]]",0.3142157585752824,0.0,334
122,pca,pca_label_122,"[[1144690  200502]
 [   8524  164437]]",0.596066625914413,11,"[[1134110  211723]
 [   8852  165211]]",0.5838896786831347,2.0,6
123,pca,pca_label_123,"[[  76122 1269070]
 [    374  172587]]",0.07905352769748429,2,"[[  61488 1284345]
 [      0  174063]]",0.0738436763653979,4.0,0
124,pca,pca_label_124,"[[  76122 1269070]
 [    374  172587]]",0.07905352769748429,2,"[[  61488 1284345]
 [      0  174063]]",0.0738436763653979,6.0,0
125,pca,pca_label_125,"[[  76122 1269070]
 [    374  172587]]",0.07905352769748429,2,"[[  61488 1284345]
 [      0  174063]]",0.0738436763653979,8.0,0
126,pca,pca_label_126,"[[  76122 1269070]
 [    374  172587]]",0.07905352769748429,2,"[[  61488 1284345]
 [      0  174063]]",0.0738436763653979,10.0,0
127,pca,pca_label_127,"[[  76122 1269070]
 [    374  172587]]",0.07905352769748429,2,"[[  61488 1284345]
 [      0  174063]]",0.0738436763653979,12.0,0
128,pca,pca_label_128,"[[  76122 1269070]
 [    374  172587]]",0.07905352769748429,2,"[[  61488 1284345]
 [      0  174063]]",0.0738436763653979,14.0,0
129,pca,pca_label_129,"[[  76122 1269070]
 [    374  172587]]",0.07905352769748429,2,"[[  61488 1284345]
 [      0  174063]]",0.0738436763653979,16.0,0
130,pca,pca_label_130,"[[  76122 1269070]
 [    374  172587]]",0.07905352769748429,2,"[[  61488 1284345]
 [      0  174063]]",0.0738436763653979,18.0,0
131,pca,pca_label_131,"[[  76122 1269070]
 [    374  172587]]",0.07905352769748429,2,"[[  61488 1284345]
 [      0  174063]]",0.0738436763653979,20.0,0
132,t-sne,t-sne_label_132,"[[1333204   12629]
 [ 118269   55794]]",0.4778818482691458,169,"[[1337797    7395]
 [ 115971   56990]]",0.510822301257712,0.0,101
133,t-sne,t-sne_label_133,"[[1336417    9416]
 [ 116533   57530]]",0.5020616776317652,146,"[[1332360   12832]
 [ 122638   50323]]",0.44778749577172394,2.0,156
134,t-sne,t-sne_label_134,"[[1340363    5470]
 [  82411   91652]]",0.680287060754019,2,"[[1340147    5045]
 [  78463   94498]]",0.6964859192424848,4.0,1
135,t-sne,t-sne_label_135,"[[1303089   42744]
 [  72269  101794]]",0.6003646242774051,0,"[[1339531    5661]
 [  57121  115840]]",0.779300731113372,6.0,7
136,t-sne,t-sne_label_136,"[[1302988   42845]
 [  55267  118796]]",0.672097040634633,0,"[[1316298   28894]
 [  43699  129262]]",0.754939578994109,8.0,0
137,t-sne,t-sne_label_137,"[[1267347   78486]
 [  52803  121260]]",0.6016459950432956,0,"[[1331624   13568]
 [  16094  156867]]",0.9026384595370736,10.0,0
138,t-sne,t-sne_label_138,"[[1277941   67892]
 [  41471  132592]]",0.6693792207884283,0,"[[1308039   37153]
 [  36373  136588]]",0.760592883765422,12.0,0
139,t-sne,t-sne_label_139,"[[1277941   67892]
 [  41471  132592]]",0.6693792207884283,0,"[[1297493   47699]
 [  21778  151183]]",0.789716151863278,14.0,0
140,t-sne,t-sne_label_140,"[[1297274   48559]
 [  44383  129680]]",0.701671930317213,0,"[[1275828   69364]
 [   5278  167683]]",0.8034545789816687,16.0,0
141,t-sne,t-sne_label_141,"[[878335 467498]
 [   881 173182]]",0.4176074457090172,0,"[[1186282  158910]
 [  18314  154647]]",0.6090311314824312,18.0,0
142,t-sne,t-sne_label_142,"[[1292417   53416]
 [  14971  159092]]",0.8028231770637797,0,"[[1168553  176639]
 [   6660  166301]]",0.6307723101270383,20.0,0
143,umap,umap_label_143,"[[1324610   21223]
 [ 129653   44410]]",0.3750010394566619,192,"[[1314772   30420]
 [ 107625   65336]]",0.4641598268062239,0.0,96
144,umap,umap_label_144,"[[1261727   84106]
 [  39851  134212]]",0.6433479150883505,0,"[[1272314   72878]
 [  43209  129752]]",0.6502447988899347,2.0,0
145,umap,umap_label_145,"[[1229236  116597]
 [  31242  142821]]",0.6211619161911354,0,"[[1219394  125798]
 [   2371  170590]]",0.7156226496179582,4.0,0
146,umap,umap_label_146,"[[1183974  161859]
 [  31228  142835]]",0.5570490612839558,0,"[[1169797  175395]
 [   1104  171857]]",0.6529960062961659,6.0,0
147,umap,umap_label_147,"[[1170951  174882]
 [  12160  161903]]",0.6135593508852825,0,"[[1124541  220651]
 [   1098  171863]]",0.6020319593712836,8.0,0
148,umap,umap_label_148,"[[935939 409894]
 [  8728 165335]]",0.4236871704530218,0,"[[1116643  228549]
 [   4090  168871]]",0.582866411730428,10.0,0
149,umap,umap_label_149,"[[765707 580126]
 [  8064 165999]]",0.33290594311468347,0,"[[1124541  220651]
 [   1098  171863]]",0.6020319593712836,12.0,0
150,umap,umap_label_150,"[[412583 933250]
 [  7912 166151]]",0.18587086868800723,0,"[[896877 448315]
 [  1098 171863]]",0.4268444048187023,14.0,0
151,umap,umap_label_151,"[[442136 903697]
 [   152 173911]]",0.22970719776203719,0,"[[588258 756934]
 [  1098 171863]]",0.2809634136663995,16.0,0
152,umap,umap_label_152,"[[412583 933250]
 [  7912 166151]]",0.18587086868800723,0,"[[751442 593750]
 [  1098 171863]]",0.35094920487631026,18.0,0
153,umap,umap_label_153,"[[442136 903697]
 [   152 173911]]",0.22970719776203719,0,"[[588258 756934]
 [  1098 171863]]",0.2809634136663995,20.0,0
154,mds,mds_label_154,"[[1078880  266953]
 [ 114789   59274]]",0.1102745281895975,778,"[[1063612  281580]
 [ 106441   66520]]",0.13247203999687476,0.0,798
155,mds,mds_label_155,"[[1212939  132894]
 [  36547  137516]]",0.5756157251412931,165,"[[1218558  126634]
 [  39988  132973]]",0.5693269660633415,2.0,191
156,mds,mds_label_156,"[[399031 946802]
 [ 15986 158077]]",0.14627747267898833,69,"[[926756 418436]
 [ 12983 159978]]",0.4016281554860321,4.0,34
157,mds,mds_label_157,"[[ 300590 1045243]
 [   6399  167664]]",0.1479970205630525,15,"[[855356 489836]
 [   194 172767]]",0.406642443945006,6.0,5
158,mds,mds_label_158,"[[ 223721 1122112]
 [    782  173281]]",0.14516225422460263,11,"[[ 204413 1140779]
 [    382  172579]]",0.13927744498429376,8.0,9
159,mds,mds_label_159,"[[ 229673 1116160]
 [   1302  172761]]",0.14474594639029087,16,"[[ 201160 1144032]
 [    415  172546]]",0.13777078798450818,10.0,7
160,mds,mds_label_160,"[[ 216035 1129798]
 [    350  173713]]",0.1444562379764269,5,"[[ 199427 1145765]
 [     75  172886]]",0.13901293560604489,12.0,2
161,mds,mds_label_161,"[[ 224919 1120914]
 [   1177  172886]]",0.1435048154882895,12,"[[  83073 1262119]
 [   3867  169094]]",0.05387370679636242,14.0,24
162,mds,mds_label_162,"[[ 164967 1180866]
 [   9534  164529]]",0.06772873317170805,9,"[[ 199694 1145498]
 [   2418  170543]]",0.12576545720729718,16.0,31
163,mds,mds_label_163,"[[ 216113 1129720]
 [    516  173547]]",0.14357245722754425,7,"[[ 199706 1145486]
 [   2146  170815]]",0.12731395726948072,18.0,27
164,mds,mds_label_164,"[[ 217537 1128296]
 [   1042  173021]]",0.14125546108164133,11,"[[ 201028 1144164]
 [    547  172414]]",0.13696433025178584,20.0,7
165,pca,pca_label_165,"[[1299877   45956]
 [ 126938   47125]]",0.3142157585752824,334,"[[1294401   50791]
 [ 131221   41740]]",0.2703530622178292,0.0,347
166,pca,pca_label_166,"[[1134110  211723]
 [   8852  165211]]",0.5838896786831347,6,"[[1144690  200502]
 [   8524  164437]]",0.596066625914413,2.0,11
167,pca,pca_label_167,"[[  61488 1284345]
 [      0  174063]]",0.0738436763653979,0,"[[  76122 1269070]
 [    374  172587]]",0.07905352769748429,4.0,2
168,pca,pca_label_168,"[[  61488 1284345]
 [      0  174063]]",0.0738436763653979,0,"[[  76122 1269070]
 [    374  172587]]",0.07905352769748429,6.0,2
169,pca,pca_label_169,"[[  61488 1284345]
 [      0  174063]]",0.0738436763653979,0,"[[  76122 1269070]
 [    374  172587]]",0.07905352769748429,8.0,2
170,pca,pca_label_170,"[[  61488 1284345]
 [      0  174063]]",0.0738436763653979,0,"[[  76122 1269070]
 [    374  172587]]",0.07905352769748429,10.0,2
171,pca,pca_label_171,"[[  61488 1284345]
 [      0  174063]]",0.0738436763653979,0,"[[  76122 1269070]
 [    374  172587]]",0.07905352769748429,12.0,2
172,pca,pca_label_172,"[[  61488 1284345]
 [      0  174063]]",0.0738436763653979,0,"[[  76122 1269070]
 [    374  172587]]",0.07905352769748429,14.0,2
173,pca,pca_label_173,"[[  61488 1284345]
 [      0  174063]]",0.0738436763653979,0,"[[  76122 1269070]
 [    374  172587]]",0.07905352769748429,16.0,2
174,pca,pca_label_174,"[[  61488 1284345]
 [      0  174063]]",0.0738436763653979,0,"[[  76122 1269070]
 [    374  172587]]",0.07905352769748429,18.0,2
175,pca,pca_label_175,"[[  61488 1284345]
 [      0  174063]]",0.0738436763653979,0,"[[  76122 1269070]
 [    374  172587]]",0.07905352769748429,20.0,2
176,t-sne,t-sne_label_176,"[[1334446   12492]
 [ 113673   57542]]",0.4928084370678985,169,"[[1324351   19717]
 [ 131281   44547]]",0.3793776503449761,0.0,214
177,t-sne,t-sne_label_177,"[[1333423   13515]
 [ 115336   55879]]",0.4791052688958624,171,"[[1326574   17494]
 [ 130347   45481]]",0.3942508060406966,2.0,198
178,t-sne,t-sne_label_178,"[[1341249    5689]
 [  80327   90888]]",0.6825245093131028,1,"[[1339578    4490]
 [  95461   80367]]",0.6320958243831449,4.0,15
179,t-sne,t-sne_label_179,"[[1340806    6132]
 [  52192  119023]]",0.7942934030696093,0,"[[1338387    5681]
 [  46056  129772]]",0.8237994320547455,6.0,0
180,t-sne,t-sne_label_180,"[[1336103   10835]
 [  49046  122169]]",0.7893315379003352,0,"[[1330104   13964]
 [  28760  147068]]",0.8584450916321474,8.0,0
181,t-sne,t-sne_label_181,"[[1333005   13933]
 [  19264  151951]]",0.8893669015913096,0,"[[1310040   34028]
 [  40818  135010]]",0.7553962764542768,10.0,0
182,t-sne,t-sne_label_182,"[[1307668   39270]
 [  52100  119115]]",0.6897433090022455,0,"[[1198554  145514]
 [  22033  153795]]",0.6164256566360061,12.0,0
183,t-sne,t-sne_label_183,"[[1277029   69909]
 [   9871  161344]]",0.7838551292198639,0,"[[1263281   80787]
 [  10560  165268]]",0.7639802834776381,14.0,0
184,t-sne,t-sne_label_184,"[[1168462  178476]
 [   4642  166573]]",0.6343271095328331,0,"[[1262099   81969]
 [   5744  170084]]",0.7794171658851289,16.0,0
185,t-sne,t-sne_label_185,"[[1171875  175063]
 [  19783  151432]]",0.580872386490419,0,"[[1252043   92025]
 [  36714  139114]]",0.6437337410632132,18.0,0
186,t-sne,t-sne_label_186,"[[970314 376624]
 [ 32335 138880]]",0.3550431487672533,0,"[[835155 508913]
 [  6461 169367]]",0.37615337466039106,20.0,0
187,umap,umap_label_187,"[[1334877   12061]
 [ 116794   54421]]",0.4774994526490071,112,"[[1304609   39459]
 [ 127583   48245]]",0.33609560390091064,0.0,279
188,umap,umap_label_188,"[[1245358  101580]
 [  22026  149189]]",0.6780060748607886,0,"[[1263839   80229]
 [  24426  151402]]",0.7131765497575091,2.0,0
189,umap,umap_label_189,"[[1188160  158778]
 [  13375  157840]]",0.6259870643037696,0,"[[1167812  176256]
 [   1527  174301]]",0.6531215491691355,4.0,0
190,umap,umap_label_190,"[[1140598  206340]
 [  13367  157848]]",0.5694599265111185,0,"[[1167812  176256]
 [   1527  174301]]",0.6531215491691355,6.0,0
191,umap,umap_label_191,"[[1127467  219471]
 [    712  170503]]",0.6030192210277735,0,"[[1183858  160210]
 [  14804  161024]]",0.6240785026521936,8.0,0
192,umap,umap_label_192,"[[1175278  171660]
 [    878  170337]]",0.6568015887266268,0,"[[1124622  219446]
 [   1517  174311]]",0.6045447490449928,10.0,0
193,umap,umap_label_193,"[[572608 774330]
 [   712 170503]]",0.27466874956327814,0,"[[994598 349470]
 [   501 175327]]",0.4958800764080748,12.0,0
194,umap,umap_label_194,"[[970654 376284]
 [   712 170503]]",0.4721147954068314,0,"[[420495 923573]
 [     0 175828]]",0.22368442812755912,14.0,0
195,umap,umap_label_195,"[[970654 376284]
 [   712 170503]]",0.4721147954068314,0,"[[751429 592639]
 [   491 175337]]",0.3558664237033369,16.0,0
196,umap,umap_label_196,"[[448540 898398]
 [   166 171049]]",0.23018203678237079,0,"[[751429 592639]
 [   491 175337]]",0.3558664237033369,18.0,0
197,umap,umap_label_197,"[[448540 898398]
 [   166 171049]]",0.23018203678237079,0,"[[751429 592639]
 [   491 175337]]",0.3558664237033369,20.0,0
198,mds,mds_label_198,"[[1104986  241952]
 [ 113852   57363]]",0.12355747009085487,742,"[[1122234  221834]
 [  98221   77607]]",0.2222141265594001,0.0,692
199,mds,mds_label_199,"[[1210017  136921]
 [  38382  132833]]",0.5578981065786763,180,"[[1211730  132338]
 [  25198  150630]]",0.6230372096174789,2.0,99
200,mds,mds_label_200,"[[369065 977873]
 [ 12825 158390]]",0.1451446909598409,37,"[[887465 456603]
 [ 17739 158089]]",0.36456147721459664,4.0,37
201,mds,mds_label_201,"[[ 333373 1013565]
 [   8155  163060]]",0.15141509767908087,8,"[[ 202682 1141386]
 [    737  175091]]",0.13772205515126246,6.0,9
202,mds,mds_label_202,"[[ 215670 1131268]
 [     69  171146]]",0.14469500209607075,1,"[[ 198303 1145765]
 [    386  175442]]",0.1379048848146324,8.0,7
203,mds,mds_label_203,"[[758527 588411]
 [   229 170986]]",0.35542661619143545,3,"[[ 206088 1137980]
 [    951  174877]]",0.1379288330433031,10.0,15
204,mds,mds_label_204,"[[ 226629 1120309]
 [   1253  169962]]",0.1425293343749243,16,"[[ 204262 1139806]
 [   2614  173214]]",0.1278853784688396,12.0,32
205,mds,mds_label_205,"[[ 222228 1124710]
 [    542  170673]]",0.14466206479936183,10,"[[ 204326 1139742]
 [   2782  173046]]",0.1269786173004644,14.0,36
206,mds,mds_label_206,"[[ 225159 1121779]
 [    680  170535]]",0.14506412680692463,11,"[[ 202878 1141190]
 [   1333  174495]]",0.13445380940842375,16.0,17
207,mds,mds_label_207,"[[ 225261 1121677]
 [    923  170292]]",0.1437792589609785,14,"[[615957 728111]
 [  1407 174421]]",0.29324559475059103,18.0,6
208,mds,mds_label_208,"[[ 220593 1126345]
 [    339  170876]]",0.14513430145722206,7,"[[ 196577 1147491]
 [    274  175554]]",0.1378344471629372,20.0,4
209,pca,pca_label_209,"[[1319272   27666]
 [ 122249   48966]]",0.38354305463831495,269,"[[1284323   59745]
 [ 133220   42608]]",0.2525406100718367,0.0,380
210,pca,pca_label_210,"[[1130281  216657]
 [   7400  163815]]",0.5809608674440866,8,"[[1146294  197774]
 [   9537  166291]]",0.5984870272681954,2.0,5
211,pca,pca_label_211,"[[  68120 1278818]
 [      0  171215]]",0.07727615038208445,0,"[[ 200880 1143188]
 [      0  175828]]",0.14114864565787083,4.0,0
212,pca,pca_label_212,"[[  68120 1278818]
 [      0  171215]]",0.07727615038208445,0,"[[ 200880 1143188]
 [      0  175828]]",0.14114864565787083,6.0,0
213,pca,pca_label_213,"[[  68120 1278818]
 [      0  171215]]",0.07727615038208445,0,"[[ 200880 1143188]
 [      0  175828]]",0.14114864565787083,8.0,0
214,pca,pca_label_214,"[[  68120 1278818]
 [      0  171215]]",0.07727615038208445,0,"[[ 200880 1143188]
 [      0  175828]]",0.14114864565787083,10.0,0
215,pca,pca_label_215,"[[  68120 1278818]
 [      0  171215]]",0.07727615038208445,0,"[[ 200880 1143188]
 [      0  175828]]",0.14114864565787083,12.0,0
216,pca,pca_label_216,"[[  68120 1278818]
 [      0  171215]]",0.07727615038208445,0,"[[ 200880 1143188]
 [      0  175828]]",0.14114864565787083,14.0,0
217,pca,pca_label_217,"[[  68120 1278818]
 [      0  171215]]",0.07727615038208445,0,"[[ 200880 1143188]
 [      0  175828]]",0.14114864565787083,16.0,0
218,pca,pca_label_218,"[[  68120 1278818]
 [      0  171215]]",0.07727615038208445,0,"[[ 200880 1143188]
 [      0  175828]]",0.14114864565787083,18.0,0
219,pca,pca_label_219,"[[  68120 1278818]
 [      0  171215]]",0.07727615038208445,0,"[[ 200880 1143188]
 [      0  175828]]",0.14114864565787083,20.0,0
220,t-sne,t-sne_label_220,"[[1324587   19481]
 [ 131754   44074]]",0.377377043919972,211,"[[1331613   15325]
 [ 117513   53702]]",0.4589697148841411,0.0,188
221,t-sne,t-sne_label_221,"[[1326535   17533]
 [ 129772   46056]]",0.39760330667714455,203,"[[1337153    9785]
 [ 111134   60081]]",0.5187935211489816,2.0,142
222,t-sne,t-sne_label_222,"[[1339063    5005]
 [  90433   85395]]",0.6517494777813319,4,"[[1341244    5694]
 [  80419   90796]]",0.6821097229211587,4.0,3
223,t-sne,t-sne_label_223,"[[1331066   13002]
 [  45734  130094]]",0.7997589998764607,0,"[[1340667    6271]
 [  59416  111799]]",0.7657491206574587,6.0,0
224,t-sne,t-sne_label_224,"[[1278871   65197]
 [  31988  143840]]",0.7146779251517339,0,"[[1310486   36452]
 [  41651  129564]]",0.7395811218437476,8.0,0
225,t-sne,t-sne_label_225,"[[1325232   18836]
 [  14918  160910]]",0.8925680358862976,0,"[[1340806    6132]
 [  47967  123248]]",0.8103604117156212,10.0,0
226,t-sne,t-sne_label_226,"[[1278248   65820]
 [  25025  150803]]",0.7399008640633189,0,"[[1277735   69203]
 [  41505  129710]]",0.6620389334140596,12.0,0
227,t-sne,t-sne_label_227,"[[1183132  160936]
 [   9307  166521]]",0.6436325153949225,0,"[[1306844   40094]
 [  16813  154402]]",0.825345111202891,14.0,0
228,t-sne,t-sne_label_228,"[[1271298   72770]
 [  58681  117147]]",0.59208641630528,0,"[[1255049   91889]
 [  32335  138880]]",0.6545545622316018,16.0,0
229,t-sne,t-sne_label_229,"[[529929 814139]
 [  8581 167247]]",0.2310186357617943,0,"[[1254663   92275]
 [  37389  133826]]",0.6335997448153574,18.0,0
230,t-sne,t-sne_label_230,"[[1042786  301282]
 [   5191  170637]]",0.5159054563901652,0,"[[1197395  149543]
 [  46686  124529]]",0.5068516127218626,20.0,0
231,umap,umap_label_231,"[[1312911   31157]
 [ 128365   47463]]",0.356358589069982,234,"[[1334099   12839]
 [ 116578   54637]]",0.4751815253852592,0.0,107
232,umap,umap_label_232,"[[1260719   83349]
 [  19051  156777]]",0.7275408041734575,0,"[[1264780   82158]
 [  50727  120488]]",0.5977998891212907,2.0,0
233,umap,umap_label_233,"[[1183858  160210]
 [  14804  161024]]",0.6240785026521936,0,"[[1188367  158571]
 [  13201  158014]]",0.6269220370062761,4.0,0
234,umap,umap_label_234,"[[1167812  176256]
 [   1527  174301]]",0.6531215491691355,0,"[[1127488  219450]
 [    878  170337]]",0.6024231032022698,6.0,0
235,umap,umap_label_235,"[[1167812  176256]
 [   1527  174301]]",0.6531215491691355,0,"[[1127488  219450]
 [    878  170337]]",0.6024231032022698,8.0,0
236,umap,umap_label_236,"[[1167812  176256]
 [   1527  174301]]",0.6531215491691355,0,"[[1127488  219450]
 [    878  170337]]",0.6024231032022698,10.0,0
237,umap,umap_label_237,"[[893328 450740]
 [   491 175337]]",0.43010763141378777,0,"[[1127488  219450]
 [    878  170337]]",0.6024231032022698,12.0,0
238,umap,umap_label_238,"[[893328 450740]
 [   491 175337]]",0.43010763141378777,0,"[[1127488  219450]
 [    878  170337]]",0.6024231032022698,14.0,0
239,umap,umap_label_239,"[[751429 592639]
 [   491 175337]]",0.3558664237033369,0,"[[882988 463950]
 [   878 170337]]",0.41716240178106434,16.0,0
240,umap,umap_label_240,"[[751429 592639]
 [   491 175337]]",0.3558664237033369,0,"[[756206 590732]
 [     0 171215]]",0.35518513370856586,18.0,0
241,umap,umap_label_241,"[[751429 592639]
 [   491 175337]]",0.3558664237033369,0,"[[572608 774330]
 [   712 170503]]",0.27466874956327814,20.0,0
242,mds,mds_label_242,"[[1175589  168479]
 [  95225   80603]]",0.2877911153395295,601,"[[1113663  233275]
 [ 105571   65644]]",0.16721747262915715,0.0,720
243,mds,mds_label_243,"[[1076527  267541]
 [  32442  143386]]",0.4439164825523542,157,"[[1219959  126979]
 [  43524  127691]]",0.5515685603420649,2.0,246
244,mds,mds_label_244,"[[1052413  291655]
 [  18772  157056]]",0.47417799921480464,48,"[[920686 426252]
 [ 14562 156653]]",0.38925896658895814,4.0,38
245,mds,mds_label_245,"[[789839 554229]
 [ 11175 164653]]",0.33574769018443595,41,"[[ 225018 1121920]
 [    821  170394]]",0.14423902706495131,6.0,11
246,mds,mds_label_246,"[[ 202591 1141477]
 [    828  175000]]",0.1371722633868051,9,"[[ 222032 1124906]
 [    498  170717]]",0.1448263423156774,8.0,8
247,mds,mds_label_247,"[[  81561 1262507]
 [   3700  172128]]",0.0550973066032022,17,"[[ 226507 1120431]
 [   1375  169840]]",0.14181806323783788,10.0,16
248,mds,mds_label_248,"[[  73256 1270812]
 [   3675  172153]]",0.04902778824571883,17,"[[ 223866 1123072]
 [    498  170717]]",0.14554903392954807,12.0,11
249,mds,mds_label_249,"[[ 172984 1171084]
 [  11087  164741]]",0.06435683056668808,39,"[[764294 582644]
 [   666 170549]]",0.3565312720685306,14.0,10
250,mds,mds_label_250,"[[ 201175 1142893]
 [    740  175088]]",0.13708246080556394,9,"[[ 230594 1116344]
 [   1930  169285]]",0.14046653449001165,16.0,18
251,mds,mds_label_251,"[[  62067 1282001]
 [   3121  172707]]",0.044877818245715566,18,"[[ 228072 1118866]
 [   1502  169713]]",0.14175817262808274,18.0,18
252,mds,mds_label_252,"[[ 139754 1204314]
 [   4359  171469]]",0.0864534862809775,25,"[[ 125657 1221281]
 [   7959  163256]]",0.052258815021980105,20.0,8
253,pca,pca_label_253,"[[1284323   59745]
 [ 133220   42608]]",0.2525406100718367,380,"[[1319272   27666]
 [ 122249   48966]]",0.38354305463831495,0.0,269
254,pca,pca_label_254,"[[1146294  197774]
 [   9537  166291]]",0.5984870272681954,5,"[[1130281  216657]
 [   7400  163815]]",0.5809608674440866,2.0,8
255,pca,pca_label_255,"[[ 200880 1143188]
 [      0  175828]]",0.14114864565787083,0,"[[  68120 1278818]
 [      0  171215]]",0.07727615038208445,4.0,0
256,pca,pca_label_256,"[[ 200880 1143188]
 [      0  175828]]",0.14114864565787083,0,"[[  68120 1278818]
 [      0  171215]]",0.07727615038208445,6.0,0
257,pca,pca_label_257,"[[ 200880 1143188]
 [      0  175828]]",0.14114864565787083,0,"[[  68120 1278818]
 [      0  171215]]",0.07727615038208445,8.0,0
258,pca,pca_label_258,"[[ 200880 1143188]
 [      0  175828]]",0.14114864565787083,0,"[[  68120 1278818]
 [      0  171215]]",0.07727615038208445,10.0,0
259,pca,pca_label_259,"[[ 200880 1143188]
 [      0  175828]]",0.14114864565787083,0,"[[  68120 1278818]
 [      0  171215]]",0.07727615038208445,12.0,0
260,pca,pca_label_260,"[[ 200880 1143188]
 [      0  175828]]",0.14114864565787083,0,"[[  68120 1278818]
 [      0  171215]]",0.07727615038208445,14.0,0
261,pca,pca_label_261,"[[ 200880 1143188]
 [      0  175828]]",0.14114864565787083,0,"[[  68120 1278818]
 [      0  171215]]",0.07727615038208445,16.0,0
262,pca,pca_label_262,"[[ 200880 1143188]
 [      0  175828]]",0.14114864565787083,0,"[[  68120 1278818]
 [      0  171215]]",0.07727615038208445,18.0,0
263,pca,pca_label_263,"[[ 200880 1143188]
 [      0  175828]]",0.14114864565787083,0,"[[  68120 1278818]
 [      0  171215]]",0.07727615038208445,20.0,0
