strain,umap_x,umap_y,label
A/Alabama/02/2016,12.343089,7.2844133,3
A/Oregon/05/2016,12.438567,6.5243487,3
A/SouthDakota/01/2016,12.300937,6.493868,3
A/Utah/36/2016,12.124584,7.487011,3
A/Alaska/22/2016,12.174261,7.9033933,3
A/Hawaii/47/2016,12.266939,7.5452456,3
A/SouthAustralia/148/2016,12.031542,8.222248,3
A/Pennsylvania/62/2016,12.025043,8.199342,3
A/SouthAustralia/18/2016,12.198278,7.5328493,3
A/California/137/2016,11.770472,8.49925,3
A/Nebraska/24/2016,11.964572,8.462977,3
A/Gainesville/10/2016,12.001563,8.458402,3
A/Texas/180/2016,11.711358,8.806295,3
A/Texas/183/2016,11.634827,8.740919,3
A/Texas/186/2016,11.889086,8.881681,3
A/Nevada/37/2016,11.958266,8.651761,3
A/California/133/2015,11.995698,7.77074,3
A/California/63/2016,11.83468,8.113157,3
A/Connecticut/36/2016,11.922461,8.650005,3
A/Brisbane/184/2015,11.953634,7.423589,3
A/Brisbane/188/2015,12.516864,6.3028207,3
A/Darwin/1000/2015,12.187177,7.146453,3
A/SouthAustralia/163/2015,12.651741,6.6268563,3
A/SouthAustralia/31/2016,11.572799,8.603174,3
A/Arizona/22/2015,11.422275,6.679215,3
A/Michigan/66/2015,11.085823,7.199025,3
A/California/126/2015,11.13022,7.369082,3
A/California/05/2016,10.969286,7.19591,3
A/Florida/93/2015,11.404115,6.9586415,3
A/Colorado/21/2015,11.229776,6.879198,3
A/NewYork/76/2015,12.031328,6.4998107,3
A/California/137/2015,11.131765,7.0965705,3
A/Vermont/01/2016,11.329416,6.7032385,3
A/Victoria/455/2015,11.170778,7.480643,3
A/California/94/2015,11.175117,7.988298,3
A/California/138/2015,11.259247,6.9136353,3
A/Sydney/9/2016,10.880727,7.287012,3
A/Brisbane/122/2016,10.990005,5.8625603,3
A/SouthAustralia/34/2016,11.231272,6.4838057,3
A/Brisbane/183/2015,12.302338,4.9800606,3
A/Brisbane/30/2016,11.920834,5.2639365,3
A/California/36/2016,11.651113,5.369777,3
A/Kenya/023/2016,11.273134,5.74021,3
A/Virginia/37/2016,11.355917,5.672261,3
A/Indiana/28/2016,11.425195,5.8729944,3
A/Brisbane/195/2015,11.872975,5.4886856,3
A/SouthAustralia/146/2015,11.456366,5.6854076,3
A/SouthAustralia/29/2016,11.4122095,5.858898,3
A/California/108/2015,11.67284,6.303255,3
A/California/100/2015,12.017015,6.2553024,3
A/California/127/2015,11.184457,7.7065477,3
A/Colorado/04/2016,11.273171,7.9507046,3
A/California/24/2016,11.265836,7.3777347,3
A/SouthAustralia/162/2015,11.262743,5.9074407,3
A/Connecticut/06/2016,11.291217,8.941428,3
A/Brisbane/1008/2016,11.695761,8.271438,3
A/Brisbane/68/2016,11.621834,7.830889,3
A/SouthAustralia/138/2016,11.37218,8.6478615,3
A/SouthAustralia/27/2016,11.66322,8.447784,3
A/Kenya/014/2016,11.67951,7.8114777,3
A/Townsville/37/2015,11.805058,8.14378,3
A/Hawaii/14/2016,11.595738,8.284527,3
A/Alabama/15/2016,9.856304,-2.377088,4
A/Sydney/25/2017,9.524709,-2.86746,4
A/Arizona/35/2017,8.848987,-4.550885,4
A/Townsville/3/2017,8.829748,-4.301346,4
A/WestVirginia/20/2017,8.706733,-5.1568723,4
A/Sydney/37/2017,8.992098,-5.1763787,4
A/Tasmania/41/2017,8.902489,-4.7424917,4
A/Alaska/24/2016,10.623294,-0.21158269,4
A/California/186/2016,10.530419,-0.12808484,4
A/Maryland/15/2016,10.591111,-0.28448987,4
A/Nevada/51/2016,10.654992,-0.14067094,4
A/Sydney/11/2017,10.70933,-0.061556462,4
A/Sydney/129/2016,11.09736,-0.06877637,4
A/Kenya/015/2016,11.290557,-0.1837938,4
A/Pennsylvania/50/2015,11.281541,0.052722502,4
A/Illinois/27/2015,10.699778,-0.5231498,4
A/NewYork/43/2016,10.323893,-1.077383,4
A/Louisiana/29/2016,10.264371,-0.8198827,4
A/SouthAustralia/51/2016,10.464327,-1.328973,4
A/California/96/2016,9.59105,-1.7509326,4
A/Sydney/80/2016,10.326919,-1.3020328,4
A/Iowa/22/2016,8.980681,-2.5360384,4
A/Brisbane/231/2016,9.573296,-2.8595846,4
A/Newcastle/1000/2016,9.944248,-2.1576412,4
A/Newcastle/30/2016,9.989695,-2.0345569,4
A/Newcastle/64/2016,9.49019,-2.7682319,4
A/Newcastle/78/2016,9.456322,-2.7499497,4
A/Nicaragua/0645_06/2016,10.142233,-2.464848,4
A/Nicaragua/6487_12/2016,10.241256,-2.0273015,4
A/Nicaragua/6893_05/2016,9.959534,-2.6374774,4
A/Nicaragua/8605_19/2016,10.120116,-2.5510836,4
A/Nicaragua/8771_02/2016,9.936203,-2.484255,4
A/Nicaragua/5307_03/2016,9.981695,-2.6018105,4
A/Nicaragua/7718_04/2016,9.790345,-3.3005195,4
A/Nicaragua/9083_05/2016,9.754054,-3.2114193,4
A/Nicaragua/9290_01/2016,9.770338,-3.3311803,4
A/Nicaragua/IIIn_16_0266_01NT/2016,9.729421,-3.2484932,4
A/Nicaragua/6842_18/2016,9.424212,-3.5938787,4
A/Nicaragua/5275_01_TR2/2016,9.811484,-3.3659673,4
A/Nicaragua/5660_06/2016,9.620778,-3.1543853,4
A/Nicaragua/7056_03/2016,9.870246,-3.1296644,4
A/Nicaragua/9073_02/2016,9.617428,-3.3195877,4
A/Nicaragua/8031_10/2016,9.720791,-3.1490078,4
A/Nicaragua/8100_07/2016,9.992412,-2.5715733,4
A/Nicaragua/6678_06/2016,9.872491,-2.5712986,4
A/Nicaragua/5978_06/2016,9.49661,-3.6751018,4
A/Utah/39/2016,10.156148,-1.8343936,4
A/Wisconsin/86/2016,8.62984,-3.1760118,4
A/Tasmania/213/2016,8.791377,-3.2651868,4
A/Sydney/1092/2016,8.593636,-2.952858,4
A/Mississippi/12/2017,8.847151,-3.188685,4
A/Arizona/38/2017,8.42655,-5.272764,4
A/Sydney/48/2017,8.62706,-5.453431,4
A/Victoria/2045/2016,9.052665,-4.501172,4
A/Victoria/513/2016,9.901017,-3.0777228,4
A/Alaska/26/2016,12.718233,0.9754246,4
A/Newcastle/134/2016,13.230378,-0.0019759636,4
A/Alaska/264/2015,12.67394,0.85304034,4
A/Sydney/1018/2016,12.800862,1.2005687,4
A/Sydney/9/2017,12.638836,1.1700436,4
A/Canberra/1001/2016,13.532231,-0.12616049,4
A/Sydney/101/2016,13.441765,0.21079865,4
A/California/126/2016,12.647919,1.176057,4
A/Montana/39/2015,13.7141,-0.059263915,4
A/California/121/2016,12.684566,-0.7037365,4
A/Illinois/53/2016,12.639714,0.30003187,4
A/Michigan/81/2016,12.596234,0.14513582,4
A/SouthAustralia/160/2016,12.685053,0.23081543,4
A/Sydney/1014/2016,12.620254,0.116018474,4
A/SouthAustralia/173/2016,12.361039,-0.4483292,4
A/Sydney/1094/2016,13.070304,0.04854916,4
A/SouthAustralia/1007/2016,12.428625,-0.65411854,4
A/SouthAustralia/164/2016,12.071872,-1.6102489,4
A/SouthAustralia/141/2016,12.053266,-1.5532262,4
A/Brisbane/287/2016,12.218068,-2.3790016,4
A/Brisbane/300/2016,12.984526,-1.4437857,4
A/Sydney/5/2017,12.052948,-2.028834,4
A/Tasmania/24/2016,13.141194,-1.2149351,4
A/Canberra/80/2016,13.056011,-1.4356861,4
A/Georgia/58/2016,13.558031,0.3208689,4
A/Tasmania/97/2016,13.074896,-1.6093172,4
A/Florida/68/2016,13.227227,-0.2141504,4
A/Ohio/34/2016,13.200527,0.12400093,4
A/SouthAustralia/115/2016,12.438586,-2.627965,4
A/Victoria/1012/2016,13.00057,-1.749013,4
A/SouthAustralia/147/2016,12.09315,-2.1739914,4
A/Wyoming/22/2016,12.648438,-1.6422876,4
A/Canberra/7/2016,12.762828,-1.1731616,4
A/Tasmania/3/2016,13.468711,-0.15484206,4
A/Utah/47/2016,13.617878,0.09795287,4
A/Minnesota/31/2017,12.40706,-0.4264392,4
A/Victoria/2073/2016,12.545661,-0.63846964,4
A/Darwin/1008/2016,12.159005,-2.6796527,4
A/Brisbane/197/2015,12.110174,-2.6614,4
A/California/120/2016,11.547966,-2.9490874,4
A/SouthAustralia/35/2016,12.094968,-2.4336224,4
A/Utah/43/2016,11.524098,-2.7980616,4
A/Brisbane/66/2016,11.536273,-2.8000462,4
A/SouthAustralia/172/2015,12.975125,-0.5028437,4
A/SouthAustralia/143/2016,11.751644,-2.8505833,4
A/Newcastle/201/2016,11.809262,-2.8435235,4
A/Utah/53/2016,11.66637,-2.6653233,4
A/Wyoming/07/2016,12.289294,-2.4225771,4
A/Arizona/71/2016,12.735294,-1.5755444,4
A/Hawaii/54/2016,11.154811,-3.3716354,4
A/Hawaii/58/2016,11.076315,-3.6079495,4
A/NorthCarolina/51/2016,11.724602,-2.6134126,4
A/Brisbane/86/2017,11.336286,-3.3717504,4
A/Victoria/2015/2016,12.183608,-2.387841,4
A/Sydney/1059/2016,13.120445,-1.5387173,4
A/Texas/179/2016,12.314988,-2.5919323,4
A/Victoria/2097/2016,11.071298,-3.3865235,4
A/Brisbane/285/2016,9.63655,-3.333247,4
A/Hawaii/76/2016,10.587353,-2.955825,4
A/WestVirginia/14/2016,9.893151,-2.8519757,4
A/Perth/78/2016,9.369473,-3.2758048,4
A/Alaska/28/2017,7.877059,-4.6953025,4
A/Alaska/33/2017,7.905291,-5.143595,4
A/Arizona/06/2017,8.097226,-2.702568,4
A/Victoria/2001/2017,8.445087,-3.0880334,4
A/Brisbane/122/2017,7.981547,-4.1565614,4
A/Arizona/37/2017,8.200033,-3.5413487,4
A/Oklahoma/19/2017,8.533083,-2.4436247,4
A/Sydney/54/2017,8.12034,-3.2933586,4
A/SouthDakota/29/2017,8.142576,-4.1801467,4
A/Sydney/13/2017,8.246803,-3.494178,4
A/Florida/38/2017,8.532591,-5.6562505,4
A/Idaho/24/2017,7.9689503,-4.604877,4
A/Massachusetts/03/2017,8.141683,-5.5443964,4
A/Louisiana/26/2016,8.398769,-3.526699,4
A/Washington/05/2017,8.272114,-3.4328246,4
A/Washington/28/2017,8.082543,-4.1520514,4
A/RhodeIsland/10/2017,8.128055,-4.7565823,4
A/Michigan/58/2017,8.02755,-5.176605,4
A/Victoria/558/2017,8.284552,-5.463089,4
A/Victoria/12/2016,9.211087,-2.4729404,4
A/Illinois/45/2016,8.543557,-4.597568,4
A/SouthAustralia/1036/2015,11.696496,-2.93349,4
A/Brisbane/298/2016,10.558014,-3.7333016,4
A/Texas/177/2016,10.760768,-3.8656058,4
A/SouthAustralia/193/2017,10.071264,-4.1303487,4
A/Brisbane/296/2016,8.9984665,-4.2573724,4
A/Victoria/566/2016,10.814106,-3.7861404,4
A/Alaska/29/2017,13.078604,10.593776,3
A/Sydney/162/2017,12.329594,11.112774,3
A/Sydney/212/2017,12.351787,11.130346,3
A/Sydney/701/2017,12.4194975,11.020942,3
A/Townsville/17/2017,12.215275,11.082615,3
A/Alaska/42/2017,11.817967,11.062455,3
A/Arizona/47/2017,11.981557,11.072583,3
A/Sydney/532/2017,12.422305,11.049131,3
A/SouthAustralia/266/2017,11.386408,11.070643,3
A/Sydney/19/2018,11.9312725,11.340923,3
A/Alaska/55/2017,11.860701,11.264861,3
A/Brisbane/8/2018,11.45268,11.105068,3
A/Brisbane/101/2017,12.052014,10.2416,3
A/Maine/04/2017,13.438787,10.087982,3
A/Brisbane/290/2016,13.85039,9.039819,3
A/Sydney/76/2017,14.050228,8.711614,3
A/California/176/2016,13.795161,9.162545,3
A/Florida/61/2017,13.144974,10.037325,3
A/Ohio/33/2017,13.418598,10.297844,3
A/Pennsylvania/262/2017,13.232394,10.097811,3
A/Wyoming/03/2017,13.392601,10.288088,3
A/Texas/23/2017,13.076107,10.278404,3
A/California/135/2016,12.736006,10.370021,3
A/Sydney/27/2017,12.681911,10.246069,3
A/Brisbane/324/2016,13.175095,9.963633,3
A/SouthAustralia/219/2017,11.891122,10.683285,3
A/Canberra/3/2017,11.968431,10.325568,3
A/Darwin/1005/2017,12.971687,10.307452,3
A/Ohio/37/2017,11.525305,10.659923,3
A/Arizona/51/2017,11.562223,10.752485,3
A/China/GMU-SKLRD03/2017,12.127983,10.639384,3
A/Kenya/001/2017,12.259595,10.387857,3
A/Kenya/005/2017,13.521151,9.681075,3
A/Kenya/027/2017,12.4307375,10.4115,3
A/Kenya/030/2017,13.71848,9.193327,3
A/Linkou/0153/2016,13.12261,9.997044,3
A/Linkou/0166/2016,12.111057,10.326945,3
A/Taipei/0123/2017,13.331845,10.017613,3
A/Linkou/0181/2016,14.191554,8.548096,3
A/Linkou/0185/2016,12.242965,10.3903675,3
A/Linkou/0302/2017,12.563517,10.889483,3
A/Linkou/0304/2017,12.899358,10.570682,3
A/Santiago/p024d0/2017,12.100709,10.38304,3
A/Santiago/PUC-MVL_161/2017,11.527787,10.758538,3
A/Santiago/p022d0/2017,11.840726,10.55542,3
A/Alberta/006/2017,8.879294,-3.3716233,4
A/Alberta/150/2016,9.067173,-2.334523,4
A/Alberta/151/2016,8.846494,-2.834034,4
A/Alberta/153/2016,8.780714,-2.6625085,4
A/Alberta/156/2016,8.944285,-2.596758,4
A/Alberta/169/2016,8.914229,-2.7123268,4
A/Alberta/209/2016,8.955593,-2.831201,4
A/Alberta/217/2016,8.894368,-2.6470566,4
A/Alberta/178/2016,8.999653,-2.6095018,4
A/Alberta/52/2016,11.345777,0.021802207,4
A/NewYork/5080/2016,10.859975,0.09863375,4
A/BritishColumbia/047/2017,10.524796,-0.29156744,4
A/BritishColumbia/150/2016,10.760426,-0.44331452,4
A/Japan/5604/2016,10.689384,-0.3564367,4
A/Seoul/A02078/2016,10.737344,-0.2042654,4
A/Ontario/040/2016,11.437809,-0.21060048,4
A/Ontario/045/2016,11.302534,-0.31754896,4
A/BritishColumbia/120/2016,10.271419,-0.86201483,4
A/Japan/5887/2017,10.396887,-1.0841314,4
A/Ontario/231/2016,10.579641,-0.9024936,4
A/NewJersey/NHRC_93422/2016,9.449261,-1.9265003,4
A/Ontario/031/2016,10.193319,-1.2622696,4
A/Ontario/233/2016,10.5915785,-0.7010991,4
A/Ontario/068/2016,10.193254,-1.3965628,4
A/Georgia/NHRC_68549/2016,10.478326,-0.9131173,4
A/SouthKorea/5699/2016,10.389696,-0.9754165,4
A/China/746/2016,10.218796,-1.8230959,4
A/Japan/5729/2016,10.379484,-0.9330331,4
A/Ontario/049/2016,12.705319,-0.2007571,4
A/Ontario/051/2016,10.582567,-1.3937937,4
A/Basel/USB001835.4/2016,12.116589,-1.6333286,4
A/Basel/USB002767.4/2017,12.936481,-1.6336359,4
A/Thailand/CU-B16825/2016,13.001742,0.9854137,4
A/Thailand/CU-A2160/2016,12.930575,1.1464642,4
A/Thailand/CU-B18053/2016,12.740724,1.0346388,4
A/Thailand/CU-C6513/2016,12.574934,1.1515834,4
A/Idaho/5447/2016,13.343954,0.38575143,4
A/Thailand/CU-H3756/2016,13.617374,-0.13056956,4
A/BritishColumbia/108/2016,13.768008,-0.2168164,4
A/Washington/49/2015,13.86805,0.030373339,4
A/BritishColumbia/118/2016,13.369628,0.11111688,4
A/Moscow/CRIE-08/2016,13.41431,0.3387812,4
A/China/71516/2016,13.611029,-0.044877872,4
A/Shandong-Zhifu/1185/2016,13.602005,0.26294604,4
A/China/70793/2016,12.8940935,0.9004342,4
A/Thailand/CU-H3742/2016,12.883062,0.95692134,4
A/Basel/USB003329.4/2016,12.57542,-0.64325273,4
A/NewYork/6003/2017,12.504637,-0.56554097,4
A/Israel/R147/2016,12.768865,0.14858763,4
A/China/71517/2016,12.783464,-1.6074075,4
A/Shandong-Fushan/1416/2015,13.321894,0.031243695,4
A/Thailand/CU-B15149/2016,13.444798,0.0050762175,4
A/Thailand/CU-B15317/2016,12.091635,-2.2707014,4
A/Japan/5123/2016,13.7111435,-0.005571465,4
A/Thailand/CU-B16161/2016,13.4952755,0.09424013,4
A/Thailand/CU-B19094/2016,12.981751,-1.665658,4
A/SouthKorea/5482/2016,13.799191,0.075501725,4
A/Shandong-Zhifu/1382/2015,12.461228,-1.4171382,4
A/Varamin/49785/2016,13.052302,0.053524483,4
A/Shanghai/10/2017,12.955946,-1.1973453,4
A/Thailand/CU-B15712/2016,12.791187,-0.9162647,4
A/Basel/USB002045.4/2016,11.984435,-1.5322744,4
A/Basel/USB003013.4/2017,11.714038,-2.192665,4
A/Xiamen/s200/2016,13.326861,-0.5153271,4
A/Basel/USB001461.4/2016,11.630329,-2.7268806,4
A/Guangdong/747/2015,12.47887,-2.311818,4
A/Guangdong/264/2016,12.87772,-1.2049584,4
A/China/71518/2016,13.60174,-0.36422142,4
A/China/72935/2016,12.678722,-1.9865756,4
A/Shandong-Fushan/1257/2016,11.204404,-3.489303,4
A/Tehran/50179/2016,11.544313,-2.5263608,4
A/Japan/5684/2016,11.5143585,-2.9901764,4
A/SouthKorea/5744/2017,11.151052,-3.3332276,4
A/Firuzkuh/49748/2016,11.993396,-2.7995274,4
A/Basel/USB002043.4/2016,10.674141,-1.4256003,4
A/Japan/5685/2016,9.995782,-2.5491347,4
A/Basel/USB002044.4/2016,9.747051,-2.3748043,4
A/Japan/6111/2017,9.886281,-2.3224454,4
A/Thailand/CU-B19263/2016,9.941944,-2.2861495,4
A/Ontario/244/2016,9.5641575,-3.1136754,4
A/Ontario/246/2016,9.190581,-4.0684657,4
A/Quebec/152/2016,12.141567,-1.1305641,4
A/Ontario/047/2016,12.265998,-2.615586,4
A/Israel/B5990/2016,11.007622,-3.724268,4
A/Japan/5603/2016,9.218438,-3.188491,4
A/Philippines/NHRC_MCY0131/2016,10.01078,-1.9987619,4
A/Japan/5063/2016,11.351387,-2.8302515,4
A/Cheongju/G03554/2016,10.752912,-2.2614372,4
A/Alberta/157/2016,8.120889,-2.9968903,4
A/BritishColumbia/152/2016,8.431908,-3.6415787,4
A/BritishColumbia/021/2017,7.9138846,-4.053461,4
A/Washington/5751/2016,8.256796,-4.19597,4
A/BritishColumbia/030/2017,7.9330425,-4.546783,4
A/Ontario/242/2016,8.227519,-4.493616,4
A/BritishColumbia/133/2016,8.042011,-5.096362,4
A/Washington/5804/2017,7.8966093,-4.6132765,4
A/Basel/USB002779.4/2017,8.123563,-3.275189,4
A/Thailand/CU-B20992/2017,7.9366207,-4.0858307,4
A/Thailand/CU-H3780/2017,8.195582,-3.4060647,4
A/Israel/C3673/2017,8.156167,-2.8837514,4
A/SouthKorea/5852/2017,8.510891,-2.7705293,4
A/Basel/USB003504.4/2017,7.8879304,-3.989498,4
A/Basel/USB003516.4/2017,8.022803,-4.072041,4
A/Basel/USB003509.4/2017,8.016684,-4.1404138,4
A/Thailand/CU-B20852/2017,8.259759,-2.8520164,4
A/Basel/USB003298.4/2017,8.200762,-3.8389127,4
A/Basel/USB003327.4/2017,7.9451275,-4.083562,4
A/Basel/USB003315.4/2017,7.9240255,-4.4973764,4
A/Maryland/6636/2018,7.863234,-4.380438,4
A/Japan/5884/2017,8.258181,-4.8697124,4
A/Seoul/A02063/2016,8.484473,-5.2854214,4
A/SouthKorea/5915/2017,8.635551,-5.4937615,4
A/Seoul/A02071/2016,8.676772,-5.3840756,4
A/Basel/USB001560.4/2016,8.353613,-5.2398367,4
A/Basel/USB002298.4/2017,8.596849,-3.7960546,4
A/Basel/USB003531.4/2017,8.560978,-4.2502446,4
A/Basel/USB002572.4/2017,8.57549,-4.257673,4
A/Oklahoma/6009/2017,8.558667,-4.6174693,4
A/India/1728590/2017,8.21898,-2.8946116,4
A/Shiraz/1010/2015,8.085714,-5.5021763,4
A/Basel/USB003324.4/2017,8.272882,-5.384376,4
A/Mexico/SAR30012N/2017,8.325673,-5.5622706,4
A/Basel/USB002128.4/2016,10.447695,-3.9557862,4
A/Thailand/CU-B18031/2016,10.74252,-3.5860035,4
A/BritishColumbia/028/2017,10.593024,-3.923528,4
A/Basel/USB002991.4/2017,10.281684,-3.7620893,4
A/Basel/USB003500.4/2017,10.731482,-3.6105456,4
A/Thailand/CU-B14944/2016,11.528831,-3.1037002,4
A/Basel/USB001469.4/2016,14.052155,8.565332,3
A/Basel/USB003318.4/2017,14.148762,8.683448,3
A/Thailand/CU-B16712/2016,13.956861,8.602737,3
A/Thailand/CU-B20929/2017,14.137771,8.70365,3
A/Thailand/CU-B16949/2016,13.864437,8.402796,3
A/Thailand/CU-B18041/2016,14.121426,8.338109,3
A/Thailand/CU-B18308/2016,13.923231,8.792782,3
A/Thailand/CU-B19865/2016,13.911741,8.876029,3
A/Kostroma/CRIE-143/2016,13.650899,9.509546,3
A/Moscow/CRIE-07/2016,13.916796,9.121159,3
A/Moscow/CRIE-10/2016,14.2310095,8.741,3
A/Shiraz/1025/2016,13.521773,9.664369,3
A/Thailand/CU-B20276/2016,13.728532,8.963141,3
A/Israel/R274/2016,13.98059,8.696887,3
A/Thailand/CU-B20273/2016,13.590244,9.360238,3
A/Thailand/CU-B20489/2016,13.791495,9.23148,3
A/Thailand/CU-B17573/2016,13.679746,8.996465,3
A/Thailand/CU-B18515/2016,13.598457,8.944176,3
A/Ghom/55457/2016,13.482683,7.936995,3
A/Washington/5617/2016,13.73595,8.2547655,3
A/Basel/USB002059.4/2016,12.293986,10.301472,3
A/Basel/USB002069.4/2016,13.158971,9.802626,3
A/Basel/USB002154.4/2016,12.720418,10.088193,3
A/Basel/USB002835.4/2017,12.74687,10.086116,3
A/Karachay-Cherkess/CRIE-296/2016,13.562614,9.549339,3
A/Israel/B6105/2016,12.720086,10.245531,3
A/Israel/C3365/2017,13.408327,9.705664,3
A/Israel/C3587/2017,13.373221,9.500276,3
A/Khakassia/CRIE-360/2017,13.12682,9.860153,3
A/Karachay-Cherkess/CRIE-301/2017,13.086251,9.819535,3
A/SouthKorea/6160/2017,11.871958,10.365643,3
A/Basel/USB003421.4/2017,12.294403,10.207944,3
A/Moscow/CRIE-226/2017,13.098799,9.871082,3
A/Basel/USB003317.4/2017,13.313022,9.919015,3
A/Basel/USB003323.4/2017,12.874185,9.935369,3
A/Thailand/CU-C7086/2017,13.241068,10.043029,3
A/Thailand/CU-B19855/2016,13.7289915,9.726134,3
A/Basel/USB001471.4/2016,13.795512,9.621337,3
A/Israel/R199/2016,13.467262,9.621017,3
A/Basel/USB002452.4/2017,13.366496,10.134127,3
A/California/NHRC_M2921/2017,12.02351,11.278966,3
A/China/573/2017,12.771316,10.963445,3
A/Italy/7413/2018,11.88231,11.372145,3
A/Israel/C6062/2017,12.1629305,11.257449,3
A/Jeju/737/2017,11.3209715,11.094443,3
A/Homosapien/China/LS203/2018,11.706499,10.931891,3
A/Quebec/136/2018,11.613223,10.93259,3
A/SouthKorea/7184/2018,11.58612,11.131497,3
A/China/587/2017,11.8983345,11.325087,3
A/Israel/R246/2016,12.548684,9.292797,3
A/Israel/R256/2016,12.9002285,9.234239,3
A/Israel/R250/2016,12.533986,9.279807,3
A/Thailand/CU-B17430/2016,12.2573805,5.3203163,3
A/Shanghai/32/2017,12.756787,9.587374,3
A/Shanghai/41/2017,12.693491,10.046107,3
A/Shanghai/56/2017,12.062612,11.208175,3
A/California/107/2015,11.774234,6.5973887,3
A/Xiamen/s113/2015,11.763515,6.820844,3
A/Florida/76/2015,12.359424,6.902424,3
A/Iowa/54/2015,12.6600485,6.6577477,3
A/Ohio/5026/2016,12.147559,7.404483,3
A/Japan/5122/2016,11.790725,7.535559,3
A/Florida/81/2015,12.327434,6.5220037,3
A/Thailand/CU-C6246/2015,12.381479,6.401793,3
A/Thailand/CU-B13893/2015,12.51846,6.5639825,3
A/Thailand/CU-B13144/2015,12.448503,6.7967963,3
A/Thailand/CU-B13201/2015,12.21885,6.830709,3
A/Thailand/CU-B14505/2015,12.526639,6.7152123,3
A/Guangdong/12/2016,11.8922,5.324957,3
A/Hawaii/69/2015,12.016505,5.0857368,3
A/Hawaii/70/2015,12.183208,4.8810005,3
A/Shahrekord/22596/2016,12.458714,4.976931,3
A/Shiraz/1008/2015,12.450591,6.0872235,3
A/Shiraz/1013/2015,12.545261,5.871431,3
A/Shiraz/37/2016,12.61738,6.077638,3
A/Shiraz/1009/2015,12.609412,6.0506587,3
A/Shiraz/1012/2015,12.552041,5.6556244,3
A/Shiraz/1017/2015,12.456018,6.245544,3
A/Shiraz/1016/2015,12.639337,5.9773917,3
A/Shiraz/1015/2015,12.382475,6.6885347,3
A/Tehran/21220/2016,12.358899,5.818041,3
A/Florida/84/2015,11.4164505,7.0418386,3
A/Florida/85/2015,11.31274,6.909881,3
A/Wyoming/19/2015,11.24408,7.240747,3
A/Texas/71/2015,11.793206,6.3926,3
A/Thailand/CU-B13425/2015,11.8574095,6.2520504,3
A/Thailand/CU-B15894/2016,12.1191635,5.9202604,3
A/Xiamen/s228/2016,12.059719,5.9328427,3
A/Shiraz/1007/2015,12.155391,7.062289,3
A/Moscow/CRIE-09/2016,12.1047125,5.703036,3
A/Thailand/CU-B17583/2016,12.404211,5.0470023,3
A/Tehran/55986/2016,12.523409,5.279051,3
A/Thailand/CU-C6193/2015,11.747274,7.9158745,3
A/Thailand/CU-B21988/2017,11.39098,5.286694,3
A/China/70219/2015,11.313001,5.894232,3
A/Quebec/95/2016,11.489238,5.5206313,3
A/Thailand/CU-A2407/2016,11.362352,5.7762794,3
A/Ontario/196/2016,11.234983,7.5606303,3
A/Pennsylvania/42/2015,11.075764,7.214087,3
A/Thailand/CU-B13914/2015,12.016252,7.7576685,3
A/Thailand/CU-B16720/2016,8.428962,-4.699049,4
A/Xiamen/s175/2016,8.491079,-4.0600777,4
A/India/1728574/2017,8.468885,-5.598973,4
A/India/1728584/2017,8.467475,-4.9529405,4
A/India/1728626/2017,8.432684,-4.2202444,4
A/Baltimore/P0238/2018,-14.431986,-5.378935,0
A/Linkou/0187/2016,-12.561049,-0.096478194,0
A/Linkou/0192/2017,-12.620011,-0.37850678,0
A/Linkou/0347/2017,-12.481496,0.2824864,0
A/Taipei/0122/2017,-12.356408,0.20205592,0
A/Santiago/PUC-MVL_012/2018,-14.601027,-5.123635,0
A/Santiago/PUC-MVL_192/2017,-14.164957,-4.3288274,0
A/Santiago/RMS_op010d0/2017,-14.754354,-5.081529,0
A/Santiago/op004d0/2017,-14.539884,-2.2973115,0
A/Keelung/0081/2016,10.379087,-1.5679599,4
A/Keelung/0082/2016,12.813036,-1.2623546,4
A/Keelung/0095/2016,12.817765,-1.5274533,4
A/Keelung/0097/2016,13.415699,-0.21514103,4
A/Taipei/0088/2016,12.760677,-1.2399409,4
A/Linkou/0164/2016,13.304149,-0.16695273,4
A/Linkou/0173/2016,13.08424,-1.3398339,4
A/Keelung/0113/2017,12.492123,0.680648,4
A/Linkou/0168/2016,12.864987,0.8144931,4
A/Linkou/0194/2017,13.057185,-1.3432707,4
A/Linkou/0061/2016,12.5796385,-1.4658782,4
A/Taipei/0092/2016,12.185868,-2.2853675,4
A/Taipei/0020/2016,12.7812395,-1.5019369,4
A/PortoAlegre/LACENRS-1013/2016,13.628695,0.28516355,4
A/Santiago/PUC-MVL_038/2017,12.81355,0.86416966,4
A/Santiago/op002d0/2017,12.607764,-1.7438651,4
A/Santiago/PUC-MVL_005/2017,11.923439,-1.6134586,4
A/Santiago/RMS_p004d0/2017,11.814753,-2.4424322,4
A/Santiago/PUC-MVL_012/2017,12.118152,-2.165921,4
A/Santiago/PUC-MVL_013/2017,12.153649,-2.3222535,4
A/Santiago/PUC-MVL_058/2017,10.724925,-3.5327818,4
A/Linkou/0051/2016,12.241575,4.965539,3
A/Linkou/0081/2016,12.290909,4.7927766,3
A/Taipei/0011/2015,12.070013,5.229787,3
A/MUWRP-Uganda/707/2017,8.033949,-5.023422,4
A/MUWRP-Uganda/708/2017,8.041948,-5.072546,4
A/Santiago/PUC-MVL_188/2017,8.326736,-2.8756504,4
A/NewJersey/NHRC_93398/2016,9.582071,-1.8941892,4
A/NewJersey/NHRC_93400/2016,9.5431795,-1.9554123,4
A/Santiago/PUC-MVL_026/2017,8.680811,-3.0840027,4
A/Keelung/0091/2016,8.445143,-4.827843,4
A/Linkou/0206/2017,8.332489,-4.7921915,4
A/Keelung/0161/2017,21.799189,-1.535214,2
A/Linkou/0266/2017,22.043438,-1.0089895,2
A/Linkou/0335/2017,22.774149,-4.466437,2
A/MUWRP-Uganda/706/2017,22.508892,-2.0711396,2
A/MUWRP-Uganda/709/2017,22.441456,-2.4442117,2
A/Santiago/PUC-MVL_051/2017,22.755863,-0.4462647,2
A/Santiago/RMS_op013d0/2017,22.823818,-0.20956044,2
A/Santiago/p008d0/2017,22.682156,-0.60660213,2
A/Santiago/p025d0/2017,22.515926,-0.8259805,2
A/Kenya/029/2017,21.898712,-3.3904264,2
A/Kenya/033/2017,21.990591,-3.3153164,2
A/Kenya/035/2017,21.809832,-3.2528133,2
A/Kenya/031/2017,22.874397,-4.6833673,2
A/Santiago/PUC-MVL_003/2017,22.858242,-4.3832717,2
A/Kenya/003/2017,22.961128,-3.9463487,2
A/Kenya/024/2017,23.08736,-4.4318147,2
A/Kenya/023/2017,23.317879,-4.653458,2
A/Kenya/007/2017,23.241844,-3.7582796,2
A/Kenya/008/2017,23.198746,-4.281862,2
A/Kenya/017/2017,23.14863,-4.4219756,2
A/Kenya/018/2017,23.1081,-4.428416,2
A/Kenya/020/2017,23.178383,-4.7359385,2
A/Kenya/009/2017,22.604235,-2.2260187,2
A/Kenya/011/2017,22.528654,-2.2436512,2
A/Kenya/015/2017,22.845352,-2.5745046,2
A/Kenya/021/2017,23.004745,-3.412428,2
A/Kenya/016/2017,22.89475,-2.7989743,2
A/Kenya/004/2017,23.273651,-4.465184,2
A/Kenya/026/2017,22.994173,-4.613135,2
A/Kenya/022/2017,23.398993,-4.8100276,2
A/Kenya/028/2017,23.304842,-5.0260158,2
A/Keelung/0026/2016,11.811406,7.5866218,3
A/Cheongju/G03551/2016,9.014515,-5.273322,4
A/SouthKorea/5787/2017,9.051252,-5.57959,4
A/Thailand/CU-B17183/2016,8.96573,-4.4587984,4
A/Thailand/CU-B20369/2016,8.821655,-5.1360774,4
A/Shiraz/1022/2016,8.825849,-5.5631185,4
A/Kenya/007/2015,11.509107,9.199824,3
A/Kenya/016/2016,11.444996,9.119687,3
A/MUWRP-Uganda/705/2017,11.346083,8.653133,3
A/Japan/6684/2018,12.35526,6.832832,3
A/Alaska/17/2017,-13.793927,-4.224991,0
A/Wisconsin/315/2017,-14.253302,-4.5230203,0
A/Michigan/289/2017,-14.778322,-4.62731,0
A/Nicaragua/2010_03/2017,-14.826883,-4.904874,0
A/Sydney/500/2017,-14.850824,-4.927506,0
A/California/130/2017,-14.01106,-5.0072784,0
A/Minnesota/38/2017,-13.99995,-4.9862223,0
A/Texas/296/2017,-14.0314665,-5.0812883,0
A/Virginia/36/2018,-14.669194,-5.1203322,0
A/Brisbane/28/2018,-15.136129,-6.4604397,0
A/SouthDakota/32/2017,-14.495354,-5.677596,0
A/Brisbane/6/2018,-15.164003,-6.5008845,0
A/Colorado/28/2017,-15.158894,-6.1586275,0
A/Maryland/16/2018,-14.050757,-5.2595806,0
A/Canberra/3/2018,-17.046534,-6.0530615,0
A/Florida/45/2018,-16.867765,-5.6611004,0
A/Maryland/40/2018,-16.96565,-5.9397044,0
A/Montana/21/2018,-15.417512,-6.362824,0
A/NewMexico/30/2017,-14.505535,-5.526631,0
A/NorthCarolina/02/2018,-14.385912,-5.3392267,0
A/Newcastle/13/2018,-17.114252,-5.8496647,0
A/Newcastle/7/2018,-17.006128,-5.581159,0
A/Victoria/2012/2018,-16.753862,-5.8425727,0
A/Kentucky/25/2018,-15.049901,-6.0821476,0
A/Newcastle/20/2018,-15.095262,-6.4315205,0
A/Ohio/42/2017,-15.654228,-4.9629292,0
A/Perth/341/2017,-16.730124,-4.424092,0
A/SouthAustralia/163/2017,-15.479226,-4.8949404,0
A/Sydney/547/2017,-16.168676,-4.760506,0
A/SouthAustralia/217/2017,-16.147707,-4.7600775,0
A/Brisbane/36/2018,-17.71107,-5.1601286,0
A/Kentucky/23/2018,-17.634256,-5.233853,0
A/Sydney/11/2018,-17.406355,-5.3588405,0
A/Brisbane/12/2018,-17.397541,-5.1395774,0
A/Brisbane/17/2018,-17.439049,-5.2149854,0
A/Texas/91/2018,-15.012376,-5.3381724,0
A/Arkansas/38/2017,-14.795364,-5.23778,0
A/Florida/120/2017,-14.666088,-5.3244743,0
A/Iowa/32/2018,-14.570841,-5.0875454,0
A/Pennsylvania/267/2017,-14.529939,-5.3280797,0
A/Louisiana/48/2017,-14.858895,-5.2305994,0
A/Maryland/03/2018,-16.610817,-5.551292,0
A/NewJersey/17/2018,-16.858229,-4.4677496,0
A/Idaho/06/2018,-16.822363,-4.220784,0
A/Ohio/44/2017,-16.251637,-4.8153653,0
A/Iowa/04/2018,-17.21658,-4.258006,0
A/SouthAustralia/2/2018,-17.481525,-3.9903498,0
A/Colorado/25/2017,-16.68715,-5.069028,0
A/Montana/24/2018,-17.522915,-4.280082,0
A/Connecticut/26/2018,-17.374132,-3.7763371,0
A/Sydney/24/2018,-17.030243,-3.9820442,0
A/SouthAustralia/4/2018,-16.678822,-4.1141133,0
A/Sydney/17/2018,-15.975418,-4.5940423,0
A/Kentucky/17/2018,-17.233767,-3.8420227,0
A/Newcastle/11/2018,-17.795298,-5.0919247,0
A/SouthDakota/39/2017,-17.125177,-4.8927603,0
A/Alaska/19/2017,-14.2746,-2.6474798,0
A/Alaska/26/2017,-12.827725,-3.74651,0
A/California/63/2017,-12.9687395,-3.4541643,0
A/Nicaragua/7333_07/2017,-12.880469,-3.5062342,0
A/Nicaragua/7577_11/2017,-13.147313,-3.519343,0
A/Nicaragua/8539_09/2017,-12.975082,-3.568153,0
A/Nicaragua/8712_05/2017,-13.034438,-3.4675238,0
A/Nicaragua/8899_11/2017,-13.665563,-3.594181,0
A/Nicaragua/9116_07/2017,-13.090285,-3.7934456,0
A/Nicaragua/9707_02/2017,-13.800017,-3.5024552,0
A/Nicaragua/4992_03/2017,-14.135601,-3.6968038,0
A/Nicaragua/9076_10/2017,-13.606994,-3.4175532,0
A/Nicaragua/5935_13/2017,-14.007246,-3.5778441,0
A/Nicaragua/6850_13/2017,-14.211482,-3.6242197,0
A/Nicaragua/8765_10/2017,-14.149957,-3.5773704,0
A/Nicaragua/9146_04/2017,-14.751642,-3.930587,0
A/Nicaragua/9537_03/2017,-14.232968,-3.568592,0
A/Nicaragua/9379_04/2017,-14.619093,-3.8610203,0
A/Nicaragua/9872_01/2017,-14.690997,-3.9157906,0
A/Nicaragua/5605_16/2017,-13.645707,-3.6575167,0
A/Nicaragua/6245_07/2017,-13.624337,-3.5307627,0
A/Nicaragua/6796_14/2017,-13.67571,-3.732457,0
A/Nicaragua/6186_07/2017,-14.261795,-3.4584863,0
A/Nicaragua/8714_08/2017,-15.201366,-4.1712804,0
A/Newcastle/604/2017,-14.213467,-3.812949,0
A/Louisiana/52/2017,-13.674927,-3.7392097,0
A/Arizona/32/2017,-12.522818,-0.50943595,0
A/Nebraska/02/2017,-12.304085,-0.5683853,0
A/Canberra/2/2017,-12.371907,0.07255437,0
A/Connecticut/12/2017,-12.304919,0.20568457,0
A/Vermont/12/2017,-12.380002,-1.169345,0
A/Oklahoma/20/2017,-12.206434,-0.4959803,0
A/Louisiana/10/2017,-12.696396,-1.1795937,0
A/Washington/110/2016,-12.188701,-0.23562358,0
A/Maine/09/2017,-12.602301,-1.3221893,0
A/SouthAustralia/172/2016,-12.354815,-0.5176991,0
A/Iowa/33/2016,-12.854849,-0.92794615,0
A/Texas/204/2016,-12.532784,-1.2298361,0
A/Victoria/663/2016,-12.815971,-0.14121315,0
A/Sydney/36/2017,-13.503668,-1.5833576,0
A/Victoria/668/2016,-12.918134,-1.0654417,0
A/Brisbane/1101/2017,-13.128728,-1.6676042,0
A/Texas/106/2017,-12.464354,-1.4338042,0
A/Florida/50/2017,-13.865305,-2.244066,0
A/Tasmania/43/2017,-12.552007,-1.2963803,0
A/Wyoming/12/2017,-13.093582,-2.0054936,0
A/Utah/18/2017,-13.626321,-2.3135035,0
A/SouthAustralia/29/2017,-13.485494,-1.5877906,0
A/Florida/19/2017,-12.714994,-1.226467,0
A/Brisbane/273/2016,-12.868587,-0.88094544,0
A/Alaska/82/2017,-17.166348,-4.700394,0
A/Sydney/729/2017,-16.894117,-4.418913,0
A/Missouri/14/2018,-17.282162,-4.160734,0
A/California/106/2017,-15.482213,-3.0836823,0
A/NorthCarolina/32/2017,-15.751844,-3.296789,0
A/Newcastle/14/2018,-15.660942,-3.1704788,0
A/Sydney/3/2018,-15.917645,-3.5496845,0
A/Alberta/017/2018,-15.506083,-6.3434854,0
A/BritishColumbia/041/2018,-15.533002,-6.137073,0
A/England/7400/2018,-15.353401,-6.129822,0
A/Japan/6791/2018,-15.390358,-6.373804,0
A/Japan/6956/2018,-15.216127,-6.165737,0
A/Ontario/083/2018,-15.318289,-6.3414764,0
A/Quebec/208/2018,-15.08464,-6.0796895,0
A/Texas/6995/2018,-15.094455,-6.158941,0
A/Bahrain/RVT0140/2018,-15.033866,-6.3866677,0
A/Bahrain/RVT0147/2018,-17.1129,-5.8013444,0
A/England/6942/2018,-15.403046,-6.2391057,0
A/England/7013/2018,-16.865448,-5.8892384,0
A/Japan/7163/2018,-16.986023,-5.7084727,0
A/BritishColumbia/087/2018,-17.474886,-5.3288136,0
A/Colorado/6448/2017,-15.073744,-6.2876573,0
A/Germany/7133/2018,-16.750563,-5.8090167,0
A/Germany/7344/2018,-16.671755,-5.957817,0
A/Germany/7360/2018,-17.459002,-5.0883946,0
A/Japan/7160/2018,-17.612211,-5.2352495,0
A/Japan/NHRC_FDX70352/2018,-17.583784,-5.096491,0
A/Bahrain/RVT0142/2018,-17.56443,-5.0294013,0
A/Ontario/221/2018,-17.003778,-5.915685,0
A/Hawaii/6469/2017,-15.117505,-6.493515,0
A/Idaho/6787/2018,-15.34162,-6.0470414,0
A/Ontario/120/2018,-15.259068,-6.4397326,0
A/Quebec/320/2017,-15.221967,-6.2382936,0
A/Spain/7191/2018,-15.404769,-6.25169,0
A/Bahrain/RVT0145/2018,-17.525621,-4.681033,0
A/BritishColumbia/079/2018,-16.342476,-5.908277,0
A/Germany/7402/2018,-17.679964,-5.0540433,0
A/Guam/7362/2018,-16.995472,-5.7397156,0
A/Japan/6850/2018,-17.103334,-5.768157,0
A/Ontario/049/2018,-17.156967,-5.856324,0
A/Quebec/212/2018,-15.125332,-5.947201,0
A/BritishColumbia/047/2018,-15.430067,-5.7735095,0
A/California/NHRC_MAP4061A/2017,-13.993857,-4.50221,0
A/Washington/6663/2017,-14.076469,-4.534903,0
A/England/7126/2018,-14.0100765,-4.9199963,0
A/England/7335/2018,-15.550887,-5.469264,0
A/Ontario/157/2018,-13.941996,-4.9469543,0
A/Ontario/321/2017,-14.018264,-4.9799113,0
A/Ontario/322/2017,-14.087005,-4.933162,0
A/Quebec/160/2018,-14.644822,-5.0226517,0
A/Spain/7259/2018,-14.431062,-4.9658966,0
A/Japan/FDX70336/2018,-15.564194,-5.433625,0
A/NewMexico/7375/2018,-15.488207,-5.313891,0
A/Quebec/054/2018,-16.426172,-5.2015834,0
A/Quebec/204/2018,-15.206146,-5.558034,0
A/England/7127/2018,-16.43553,-5.1126246,0
A/Israel/C6192/2017,-12.969408,-3.7009344,0
A/Italy/7152/2018,-16.247602,-4.8719363,0
A/Ontario/175/2018,-15.517831,-5.233934,0
A/Georgia/6681/2018,-15.511356,-5.8061614,0
A/Germany/7218/2018,-16.557392,-5.35365,0
A/Italy/7366/2018,-17.46308,-4.693016,0
A/Colorado/6456/2017,-16.165577,-4.695446,0
A/Quebec/308/2017,-16.26674,-4.72668,0
A/Texas/7433/2017,-16.767553,-5.7137346,0
A/Alberta/025/2018,-17.287437,-4.1242886,0
A/Alberta/053/2017,-16.590326,-4.085557,0
A/Japan/RGN0214/2017,-16.046188,-4.6820827,0
A/Alberta/419/2017,-16.64268,-4.2564473,0
A/Quebec/100/2018,-17.094748,-3.8301806,0
A/Quebec/187/2018,-16.656342,-4.1345778,0
A/Italy/7027/2018,-17.143332,-3.9508383,0
A/Oklahoma/6576/2018,-16.917763,-3.9279335,0
A/Texas/6584/2017,-16.420662,-4.241849,0
A/Germany/7135/2018,-16.524649,-4.134836,0
A/Germany/7401/2018,-17.371672,-3.8406446,0
A/Germany/7409/2018,-17.12511,-3.9435382,0
A/Ontario/039/2018,-17.119484,-3.8604348,0
A/Quebec/301/2017,-16.670732,-4.3750615,0
A/England/7014/2018,-16.65324,-5.240922,0
A/Ontario/219/2018,-17.2379,-4.1709003,0
A/Spain/7044/2018,-16.25997,-4.5763516,0
A/Spain/7190/2018,-16.821655,-4.2783365,0
A/Ontario/110/2018,-17.48848,-4.980292,0
A/Germany/6943/2018,-17.16612,-4.6515775,0
A/Ontario/102/2018,-16.44823,-5.34246,0
A/Ontario/205/2018,-17.34089,-4.5367675,0
A/Ontario/196/2018,-17.554853,-4.3307505,0
A/Quebec/211/2018,-17.49544,-4.427756,0
A/Alberta/154/2016,-12.345435,-1.183395,0
A/Basel/USB003124.4/2017,-12.528562,0.22792926,0
A/Shandong-Zhifu/1666/2016,-12.602984,0.18613787,0
A/China/813/2016,-12.640036,0.06318121,0
A/Japan/NHRC_FDX70118/2016,-12.493392,0.1132549,0
A/Shanghai/11/2017,-12.851614,-0.36695656,0
A/Shanghai/8/2016,-12.671768,-0.03374904,0
A/Shanghai/12/2017,-12.877952,-0.43734312,0
A/Daegu/751/2017,-12.255157,-0.40781873,0
A/Ontario/001/2017,-12.01925,-0.3957644,0
A/China/81105/2017,-13.073089,-1.0026052,0
A/Colorado/5926/2017,-13.036424,-0.95334816,0
A/NewMexico/6128/2017,-12.411925,-0.47284344,0
A/China/80241/2016,-12.599869,-0.17361392,0
A/SouthKorea/5613/2016,-12.713606,0.3122932,0
A/China/80974/2016,-12.831094,-0.045712095,0
A/Shandong-Zhifu/154/2017,-12.954429,-0.65687966,0
A/China/940/2016,-12.699488,0.14254999,0
A/Japan/NHRC_FDX70127/2017,-12.880478,-0.16241989,0
A/Shandong-Zhifu/1128/2017,-12.636656,-1.4498509,0
A/Shandong-Zhifu/1158/2017,-12.323935,-0.12586829,0
A/Japan/6790/2018,-12.488762,-1.4422942,0
A/Japan/7159/2018,-13.376118,-1.7096633,0
A/Shandong-Zhifu/1175/2017,-12.516818,-1.2378846,0
A/Shandong-Fushan/148/2017,-12.135242,-0.29669407,0
A/Shandong-Fushan/1631/2016,-13.485145,-1.4024062,0
A/Shandong-Zhifu/149/2017,-13.163583,-1.4663303,0
A/Israel/R255/2016,-12.812648,-0.9116578,0
A/Shandong-Zhifu/1174/2017,-12.779189,-1.1056731,0
A/Shandong-Zhifu/164/2017,-12.655067,-1.0999405,0
A/China/81129/2017,-14.425484,-2.1728551,0
A/Shandong-Zhifu/148/2017,-13.895524,-1.9201423,0
A/Israel/B6014/2016,-13.06396,-1.2745574,0
A/Shandong-Fushan/1157/2017,-13.839141,-2.1329427,0
A/Shandong-Fushan/1726/2016,-13.984857,-2.0296125,0
A/Shanghai/13/2017,-13.917111,-1.5418432,0
A/Shanghai/26/2017,-14.600842,-2.1867065,0
A/Shanghai/16/2017,-13.769686,-1.4164581,0
A/Shanghai/3/2016,-14.037129,-1.7147127,0
A/Shanghai/21/2017,-14.191476,-1.8636762,0
A/Shanghai/5/2016,-13.49206,-0.93193877,0
A/Shanghai/22/2017,-13.002685,-1.0549006,0
A/China/81891/2017,-13.321159,-1.045745,0
A/Japan/5885/2017,-13.308254,-1.295309,0
A/England/7211/2018,-13.697605,-3.5862749,0
A/Japan/6631/2018,-13.140106,-3.6542797,0
A/Shiraz/1021/2016,-12.857767,-3.5805423,0
A/SouthCarolina/NHRC_75690/2017,-13.078794,-3.5846157,0
A/Ontario/027/2017,-13.174314,-1.8642879,0
A/Shanghai/1/2016,-14.254083,-1.9254156,0
A/Shanghai/4/2016,-13.808239,-1.5066404,0
A/Shanghai/28/2017,-14.249545,-1.9484354,0
A/Shanghai/2/2016,-14.219632,-1.8284744,0
A/Shandong-Zhifu/1125/2017,-12.260473,-0.11157529,0
A/Shandong-Fushan/1183/2017,-13.095324,-1.5143999,0
A/Shandong-Zhifu/162/2017,-12.9448595,-1.023982,0
A/Japan/NHRC_FDX70119/2016,-12.742862,-1.0622014,0
A/BritishColumbia/014/2017,-14.173467,-2.4702084,0
A/Ontario/264/2016,-12.922476,-1.887766,0
A/Thailand/CU-B21431/2017,-13.210068,-1.8283308,0
A/NewJersey/5766/2017,-13.097907,-1.0289289,0
A/Thailand/CU-B20712/2017,-13.264516,-1.1529198,0
A/Shandong-Fushan/1721/2016,-13.229685,-1.7561842,0
A/Gyeongbuk/745/2017,-14.484051,-2.2942991,0
A/China/79879/2016,-14.7773485,-2.4869957,0
A/China/79880/2016,-13.550141,-1.4868902,0
A/Seoul/A02070/2016,-13.349393,-1.7864991,0
A/Santiago/p019d0/2017,-14.855773,-2.5222423,0
A/Jeonbuk/736/2017,-14.442089,-2.2567763,0
A/Cheongju/G03577/2016,-12.763248,-0.09594892,0
A/Cheongju/G03603/2016,-13.620014,-1.2049061,0
A/Cheongju/G03581/2016,-13.677147,-1.5647506,0
A/China/574/2017,-14.346925,-2.3585002,0
A/Alberta/165/2016,-13.3807125,-1.8552989,0
A/BritishColumbia/032/2017,-15.405554,-2.9710672,0
A/Thailand/CU-B21690/2017,-15.161068,-2.8075244,0
A/Thailand/CU-B21760/2017,-14.868837,-2.6033685,0
A/Thailand/CU-CN209/2017,-15.106284,-2.7528348,0
A/Thailand/CU-E372/2017,-15.5380945,-3.1999216,0
A/Thailand/CU-E379/2017,-15.359488,-3.230277,0
A/Thailand/CU-E386/2017,-15.516788,-3.297446,0
A/NewYork/6697/2018,-15.631342,-4.398332,0
A/Quebec/306/2017,-14.638348,-2.4677067,0
A/Japan/FDX70344/2018,-17.102583,-4.230028,0
A/Ontario/173/2018,-17.098072,-4.389109,0
A/Japan/5983/2017,8.954679,-5.1195383,4
A/Alaska/57/2017,21.556887,-3.0559907,2
A/Brisbane/110/2017,21.91417,-2.436538,2
A/Victoria/801/2017,21.83914,-2.4159012,2
A/Canberra/15/2017,21.473063,-1.8397065,2
A/Perth/97/2017,21.633646,-1.1566985,2
A/SouthAustralia/263/2017,21.713104,-0.8561639,2
A/Texas/291/2017,21.442486,-1.1126947,2
A/Wisconsin/327/2017,21.543941,-1.0172242,2
A/Darwin/1004/2018,21.237898,-1.940778,2
A/Newcastle/150/2017,21.345327,-1.9496272,2
A/Sydney/205/2017,21.351486,-2.0081918,2
A/Sydney/217/2017,21.497513,-1.2697842,2
A/Wisconsin/49/2017,21.689512,-1.3016032,2
A/Perth/16/2018,21.613487,-2.9483736,2
A/Sydney/508/2017,21.459003,-2.9402018,2
A/Sydney/710/2017,21.338255,-2.816318,2
A/Sydney/735/2017,21.332853,-3.0023146,2
A/Brisbane/14/2018,21.716509,-3.660381,2
A/Sydney/20/2018,21.363018,-1.3437431,2
A/Brisbane/180/2017,21.430607,-2.6322808,2
A/Louisiana/53/2017,21.548006,-2.7938673,2
A/Louisiana/63/2017,21.910826,-3.6904192,2
A/California/120/2017,22.192154,-4.2177963,2
A/Brisbane/75/2017,21.804415,-2.1235278,2
A/Kenya/032/2017,22.150723,-4.132351,2
A/SouthAfrica/A112-004-068/2017,21.927715,-1.4976598,2
A/SouthAfrica/K123-002-059/2017,21.890583,-3.0750914,2
A/SouthAfrica/K116-002-062/2017,22.102665,-3.250766,2
A/Victoria/2023/2017,21.797901,-3.3288202,2
A/Perth/352/2017,21.848028,-1.6129736,2
A/Brisbane/87/2017,22.538805,-1.8485726,2
A/Connecticut/37/2016,22.699274,-0.3578938,2
A/Maryland/24/2016,22.745718,-0.35241458,2
A/Pennsylvania/105/2016,22.88002,-0.2346223,2
A/Florida/96/2016,22.641611,-0.44881618,2
A/Texas/68/2017,22.580465,-2.0023494,2
A/Wisconsin/312/2017,22.473799,-1.0905839,2
A/Florida/81/2016,22.538107,-1.3088942,2
A/Maryland/32/2017,22.50456,-2.6625543,2
A/Victoria/501/2017,22.171417,-3.940665,2
A/Sydney/194/2017,21.783802,-3.193802,2
A/Virginia/30/2017,21.893757,-1.567881,2
A/Wisconsin/330/2017,22.120049,-3.8489087,2
A/Brisbane/13/2018,22.761879,-3.9290447,2
A/Minnesota/33/2017,22.63378,-3.5007746,2
A/Florida/47/2017,22.874115,-3.5733237,2
A/Florida/17/2017,22.573858,-2.7328234,2
A/Hawaii/41/2017,22.733532,-3.2896852,2
A/Michigan/48/2017,22.842255,-3.778497,2
A/Tennessee/59/2017,21.738476,-3.6817992,2
A/Sydney/1205/2017,21.959787,-3.9537263,2
A/Canberra/1000/2018,23.673407,-2.6737535,2
A/Newcastle/17/2018,23.798222,-3.0845685,2
A/Sydney/22/2018,24.161625,-3.6182377,2
A/Connecticut/30/2017,23.085077,-1.7067413,2
A/Michigan/276/2017,23.023766,-1.2647169,2
A/Missouri/28/2017,22.795006,-1.5741689,2
A/NewJersey/26/2017,22.902164,-1.7014813,2
A/Missouri/37/2017,23.432467,-2.2114727,2
A/Perth/340/2017,23.704514,-3.2148087,2
A/Oklahoma/33/2017,23.784454,-2.5770564,2
A/Perth/315/2017,24.019592,-4.2119637,2
A/SouthAfrica/A169-009-068/2017,22.722576,-4.3984265,2
A/Brisbane/7/2018,22.181492,-4.1858425,2
A/Newcastle/187/2016,22.548714,-1.931195,2
A/Canberra/11/2017,23.206882,-4.5792394,2
A/Perth/348/2017,22.673334,-4.4601,2
A/SouthAfrica/A136-005-063/2017,21.934412,-3.6318855,2
A/SouthAustralia/133/2017,22.957333,-4.1743107,2
A/Sydney/152/2017,23.106936,-4.1193504,2
A/Victoria/623/2017,23.25727,-4.0610704,2
A/Brisbane/299/2016,23.138357,-3.8277357,2
A/Illinois/17/2017,23.019205,-3.295449,2
A/Nicaragua/4769_05/2017,22.95815,-3.2802517,2
A/Nicaragua/9693_02/2017,22.835423,-2.7100692,2
A/Nicaragua/8078_07/2017,22.927998,-3.3109298,2
A/Nicaragua/9452_07/2017,22.911514,-3.1512856,2
A/Nicaragua/9852_01/2017,23.15702,-3.3810437,2
A/Nicaragua/5506_06/2017,22.924692,-2.740368,2
A/Nicaragua/8540_14/2017,23.213703,-3.8713548,2
A/Nicaragua/9065_11/2017,22.985254,-3.5401235,2
A/Nicaragua/8727_10/2017,22.747517,-2.8210921,2
A/Nicaragua/7302_15/2017,22.97654,-4.1817837,2
A/Nicaragua/9508_06/2017,22.94837,-4.464535,2
A/Georgia/11/2017,23.21895,-4.230235,2
A/Sydney/707/2017,22.743212,-4.834386,2
A/Vermont/12/2018,22.545937,-4.076336,2
A/Sydney/1000/2018,23.514143,-4.771567,2
A/MaharashtraState/NIV1734102/2017,24.00059,-4.120072,2
A/Basel/USB002253.4/2017,22.524748,-0.5515172,2
A/Basel/USB003319.4/2017,22.626963,-0.4550565,2
A/Japan/5638/2016,22.60824,-0.8834538,2
A/Basel/USB002889.4/2017,22.744234,-0.358372,2
A/Israel/C4912/2017,21.571459,-1.9758868,2
A/Thailand/CU-B21873/2017,21.44272,-1.1289802,2
A/Israel/C6061/2017,21.456152,-1.2445561,2
A/Thailand/CU-CN148/2017,21.583242,-1.1531209,2
A/Beijing/PUMCH12/2017,21.198309,-1.8494891,2
A/Germany/7025/2018,21.384394,-1.9951576,2
A/Guam/7145/2018,21.46546,-1.9017998,2
A/Italy/6950/2018,21.268251,-2.7537951,2
A/Italy/7368/2018,21.379238,-2.0582538,2
A/Shanghai/29/2017,21.630972,-1.5358266,2
A/Shanghai/60/2017,21.507088,-2.2935588,2
A/Shanghai/31/2017,21.870544,-1.0042942,2
A/Japan/5823/2017,21.844162,-1.001547,2
A/Singapore/NHRC_RGN0208/2017,21.693285,-2.3401036,2
A/Japan/5605/2016,22.627909,-1.737785,2
A/Basel/USB002986.4/2017,22.601059,-0.73029566,2
A/Israel/R83/2016,22.607416,-0.87925494,2
A/Basel/USB003311.4/2017,22.482452,-1.8921428,2
A/Singapore/NHRC_RGN0210/2017,21.533562,-3.1246393,2
A/Japan/6954/2018,21.590532,-3.4574366,2
A/Japan/6473/2017,21.671066,-1.8864398,2
A/SouthKorea/7428/2018,21.635752,-2.9634902,2
A/Seoul/1287/2018,23.137175,-4.682182,2
A/Israel/C3505/2017,22.678623,-2.1049542,2
A/Israel/C3607/2017,22.628258,-2.4561772,2
A/Busan/1343/2018,23.828636,-3.5713568,2
A/Japan/6792/2018,23.805588,-3.588762,2
A/SouthKorea/6968/2018,23.821476,-3.1721687,2
A/SouthKorea/7182/2018,23.753855,-3.790934,2
A/SouthKorea/7183/2018,23.951666,-4.126295,2
A/China/585/2017,22.925465,-1.5915502,2
A/Guangdong/SKLRD01/2017,22.971117,-1.2464103,2
A/Seoul/739/2017,23.234554,-2.1278384,2
A/Japan/6633/2018,23.792791,-2.708929,2
A/SouthCarolina/6380/2017,23.620108,-2.784968,2
A/Washington/7196/2018,23.923576,-3.3317926,2
A/Incheon/1320/2018,23.652702,-2.7242546,2
A/China/S111/2017,23.70173,-3.4446595,2
A/Shanghai/36/2017,24.126793,-3.5866933,2
A/Shanghai/44/2017,23.890907,-4.0079694,2
A/Shanghai/51/2017,23.922403,-3.8388402,2
A/Shanghai/62/2017,23.890854,-4.0123477,2
A/Japan/6632/2018,21.504711,-3.1226194,2
A/Germany/7220/2018,21.92139,-2.1992836,2
A/Quebec/207/2018,21.67619,-2.7818003,2
A/SouthKorea/6969/2017,22.425444,-4.3873205,2
A/SouthKorea/7186/2018,21.763893,-3.1959383,2
A/Basel/USB003316.4/2017,22.620064,-2.8948946,2
A/Ontario/014/2017,22.699383,-2.666008,2
A/Massachusetts/5992/2017,22.743866,-3.2768357,2
A/California/5624/2016,23.438477,-4.8353167,2
A/Japan/5982/2017,22.728798,-3.2206542,2
A/Shanghai/30/2017,24.10413,-4.126802,2
A/Shanghai/53/2017,23.935944,-4.3144836,2
A/Shanghai/58/2017,23.775137,-4.3211226,2
A/Shanghai/35/2017,23.898981,-4.4977603,2
A/Shanghai/46/2017,24.124336,-4.7331777,2
A/India/1730885/2017,23.650969,-2.6847398,2
A/India/1731439/2017,23.418533,-2.1510024,2
A/India/1740982/2017,23.857393,-4.0787463,2
A/India/1842584/2017,23.995005,-3.1490366,2
A/India/1732150/2017,23.860285,-3.8080595,2
A/India/1733370/2017,23.496777,-2.675317,2
A/India/1731128/2017,23.75484,-2.7997556,2
A/India/1739931/2017,23.345411,-2.0473108,2
A/India/1739932/2017,23.129713,-1.6172186,2
A/India/1841647/2017,23.162449,-2.2608597,2
A/India/1739930/2017,23.332197,-2.160094,2
A/India/1842563/2017,23.845123,-3.3856552,2
A/India/1733135/2017,23.596272,-2.6580007,2
A/India/1739927/2017,21.301569,-3.0044453,2
A/India/1842577/2017,21.762201,-3.719186,2
A/India/1842552/2017,22.362503,-3.9770303,2
A/India/1842564/2017,21.990665,-2.8250525,2
A/India/1739944/2017,22.525322,-4.024956,2
A/India/1740988/2017,21.964535,-0.8611984,2
A/India/1740989/2017,21.37423,-1.2881904,2
A/India/1741037/2017,21.719944,-2.1356301,2
A/India/1739946/2017,23.161163,-4.9133306,2
A/India/1741143/2017,23.841497,-4.499745,2
A/SouthKorea/7188/2018,23.945702,-4.3444514,2
A/Basel/USB002653.4/2017,22.879795,-2.8735638,2
A/California/NHRC_BRD80823N/2017,22.786753,-3.2468874,2
A/Mexico/SAR30007N/2017,22.851107,-3.7039006,2
A/Germany/7345/2018,23.692635,-4.8551054,2
A/Japan/FDX70378/2018,23.567308,-4.7285414,2
A/India/1741146/2017,23.912783,-4.896471,2
A/India/1842580/2017,23.479088,-4.703127,2
A/Beijing/PUMCH02/2017,21.274574,-2.0044742,2
A/Kenya/034/2017,23.080095,-4.4422097,2
A/Thailand/CU-B21378/2017,11.123018,7.817438,3
A/Basel/USB002921.4/2017,11.005688,9.001686,3
A/Japan/6112/2017,10.683644,9.211089,3
A/Thailand/CU-B21722/2017,10.766986,9.142983,3
A/Thailand/CU-B21369/2017,10.905635,9.021711,3
A/Thailand/CU-B20791/2017,10.731273,8.99168,3
A/Israel/C3924/2017,11.33074,8.276539,3
A/Brisbane/18/2017,10.658223,9.316242,3
A/Townsville/2/2017,10.644308,9.36086,3
A/Sydney/38/2017,10.842636,9.039635,3
A/Victoria/510/2017,10.889118,9.097285,3
A/Victoria/595/2017,10.624788,9.108961,3
A/SouthAustralia/150/2017,10.538379,9.356271,3
A/Mississippi/17/2017,10.935939,9.28995,3
A/SouthAustralia/264/2017,10.776146,9.764617,3
A/Victoria/614/2017,10.733185,9.816558,3
A/Sydney/206/2017,10.554051,9.699657,3
A/Victoria/682/2017,10.610393,9.729925,3
A/Sydney/531/2017,10.511063,9.816755,3
A/Victoria/24/2017,10.508309,9.757914,3
A/Sydney/199/2017,10.719342,9.855197,3
A/Sydney/553/2017,10.671719,9.651724,3
A/Victoria/2019/2017,10.777667,9.99182,3
A/Alabama/13/2016,20.522598,18.632448,1
A/Idaho/34/2016,20.22853,18.816925,1
A/Texas/129/2016,20.082647,18.529427,1
A/Texas/170/2016,19.587086,18.61851,1
A/Texas/175/2016,19.97008,18.464272,1
A/Texas/176/2016,20.29377,18.568867,1
A/Texas/171/2016,20.14754,18.517996,1
A/Texas/173/2016,20.041351,18.393297,1
A/Brisbane/158/2016,20.652903,18.475311,1
A/California/110/2016,19.3269,18.009594,1
A/Florida/67/2016,19.470297,18.024942,1
A/Nicaragua/8156_07/2016,19.280281,17.973375,1
A/Michigan/64/2016,19.47855,17.679302,1
A/NorthCarolina/40/2016,19.334892,17.705072,1
A/Michigan/29/2016,19.595678,18.085024,1
A/Nevada/34/2016,19.348755,17.87673,1
A/Nicaragua/8774_10/2016,19.88226,17.830112,1
A/NorthCarolina/46/2016,19.535488,18.11716,1
A/Kansas/03/2016,19.176325,17.691515,1
A/Texas/74/2015,19.122116,17.7228,1
A/Minnesota/73/2016,20.676813,18.228436,1
A/Kansas/17/2016,19.02989,17.922657,1
A/Brisbane/200/2016,20.587257,18.370115,1
A/Brisbane/302/2016,20.066818,17.999163,1
A/Sydney/266/2016,20.553814,18.180109,1
A/SouthAustralia/41/2016,20.760033,18.496752,1
A/Sydney/142/2016,20.487642,18.45038,1
A/Texas/178/2016,20.590382,18.16478,1
A/Brisbane/291/2016,20.734415,18.347563,1
A/Texas/130/2016,20.29814,18.015083,1
A/Townsville/51/2016,20.824617,18.548613,1
A/Connecticut/04/2016,20.270899,17.77765,1
A/Pennsylvania/70/2016,20.158678,18.115715,1
A/Colorado/23/2016,20.432978,18.08519,1
A/Perth/22/2016,20.074081,17.945518,1
A/Texas/120/2016,19.420748,18.079569,1
A/Arizona/5003/2016,19.728088,17.797783,1
A/Utah/5390/2016,19.412798,17.785225,1
A/Arizona/5279/2016,19.834673,17.736534,1
A/BritishColumbia/85/2016,19.877214,18.13871,1
A/Nevada/5643/2016,20.518105,18.283728,1
A/California/NHRC_BRD41189N/2016,19.39227,17.812376,1
A/Ontario/144/2016,19.490326,17.739721,1
A/SouthCarolina/NHRC_75444/2016,20.156649,18.074354,1
A/SouthCarolina/NHRC_75462/2016,19.850925,17.919092,1
A/SouthCarolina/NHRC_75472/2016,20.228584,18.102287,1
A/Chungbuk/107/2016,11.57872,9.609897,3
A/Japan/4890/2015,19.249228,17.624746,1
A/Shiraz/1018/2015,19.128237,17.595612,1
A/Shiraz/1019/2016,19.640306,17.985071,1
A/Shiraz/1020/2016,19.216026,17.959633,1
A/Quebec/65/2016,19.190527,17.87698,1
A/Shiraz/1024/2016,19.845753,18.6046,1
A/SouthAustralia/3/2016,19.913816,18.62085,1
A/Sydney/29/2016,19.780857,18.555634,1
A/MUWRP-Uganda/580/2016,19.896244,18.045092,1
A/Kenya/036/2017,20.472065,18.527843,1
A/RobatKarim/21210/2016,11.694846,9.469623,3
A/Shiraz/1005/2015,11.450745,9.03902,3
A/Shiraz/1011/2015,19.676443,18.427986,1
A/Gyeonggi/458/2016,11.423636,8.4178095,3
A/Alabama/19/2017,20.422302,19.396702,1
A/Brisbane/1/2017,19.994717,19.179167,1
A/NewYork/103/2016,19.953371,19.185339,1
A/NewYork/88/2016,19.759611,18.952152,1
A/NewYork/92/2016,19.901136,19.247416,1
A/NewYork/99/2016,19.85994,19.386051,1
A/NorthCarolina/58/2016,20.077856,19.192993,1
A/Washington/289/2017,20.130281,19.21378,1
A/NewYork/81/2016,19.785368,19.002275,1
A/NewYork/83/2016,19.920212,19.163074,1
A/Delaware/12/2017,20.290884,19.585436,1
A/Michigan/262/2017,20.408459,19.412012,1
A/Indiana/24/2017,20.195322,19.500051,1
A/Florida/48/2017,20.6975,19.553202,1
A/Newcastle/191/2017,20.523098,19.622772,1
A/NewYork/27/2017,20.311104,19.401627,1
A/Brisbane/34/2018,21.03415,19.20689,1
A/Tennessee/19/2018,20.7863,19.210773,1
A/Georgia/17/2018,20.60079,19.417995,1
A/SouthDakota/34/2018,20.981459,19.40514,1
A/Tennessee/72/2017,20.771505,19.573061,1
A/Germany/7137/2018,20.85951,19.405226,1
A/Ontario/126/2018,20.497425,19.167236,1
A/Germany/7354/2018,20.887686,19.338976,1
A/Ohio/6855/2018,20.94344,19.234665,1
A/NewJersey/6125/2017,20.604105,19.450539,1
A/Asturias/26760/2016,11.625076,10.654665,3
A/HongKong/3391/2017,11.5538435,10.747306,3
A/Santiago/p030d0/2017,8.885757,-5.302232,4
A/Washington/87/2016,7.9551034,-4.1989284,4
A/India/1733862/2017,23.78785,-4.6187544,2
A/India/1733873/2017,23.927505,-4.7890244,2
A/India/1736023/2017,23.623768,-4.89687,2
A/Kenya/013/2017,24.053896,-4.6646547,2
A/Keelung/0023/2016,11.218724,8.457893,3
A/India/1732610/2017,23.513908,-4.5838175,2
A/MUWRP-Uganda/579/2016,20.219423,18.641932,1
