strain	date	accession	country	region
A/swine/Alabama/A02267936/2018	2018-10-03	MK156668	USA	N
A/swine/Arkansas/A01678568/2018	2018-06-05	MH492502	USA	N
A/swine/Arkansas/A01678570/2018	2018-06-25	MH629745	USA	N
A/swine/Arkansas/A01678573/2018	2018-08-02	MH769755	USA	N
A/swine/Arkansas/A01678574/2018	2018-08-06	MH778316	USA	N
A/swine/Arkansas/A01678575/2018	2018-08-06	MH778318	USA	N
A/swine/Arkansas/A01678578/2018	2018-08-09	MH791294	USA	N
A/swine/Arkansas/A01678584/2018	2018-09-06	MH924164	USA	N
A/swine/Arkansas/A01678589/2018	2018-10-12	MK106025	USA	N
A/swine/Arkansas/A01678590/2018	2018-10-17	MK106027	USA	N
A/swine/BritishColumbia/SD0286/2018	2018-04-10	MK462435	Canada	N
A/swine/BritishColumbia/SD0290/2018	2018-04-23	MK462298	Canada	N
A/swine/California/A01104141/2020	2020-02-12	MT269488	USA	N
A/swine/Colorado/A01785738/2018	2018-11-05	MK243702	USA	N
A/swine/IA/24486/2018	2018-04-06	MN328313	USA	N
A/swine/IA/26354/2018	2018-04-11	MN328315	USA	N
A/swine/IA/32152/2018	2018-05-03	MN328320	USA	N
A/swine/IA/34208/2018	2018-05-10	MN328323	USA	N
A/swine/IA/37507/2018	2018-05-23	MN328325	USA	N
A/swine/IA/38421/2018	2018-05-25	MN328326	USA	N
A/swine/IA/46375/2018	2018-06-27	MN328328	USA	N
A/swine/Illinois/A02140801/2018	2018-01-10	MG930918	USA	N
A/swine/Illinois/A02154869/2018	2018-03-09	MH160330	USA	N
A/swine/Illinois/A02155577/2018	2018-01-09	MH094828	USA	N
A/swine/Illinois/A02157056/2018	2018-03-28	MH259517	USA	N
A/swine/Illinois/A02257390/2018	2018-09-08	MK039811	USA	N
A/swine/Illinois/A02270099/2018	2018-11-20	MK318186	USA	N
A/swine/Illinois/A02271345/2018	2018-12-06	MK391652	USA	N
A/swine/Illinois/A02427656/2018	2018-12-10	MK391664	USA	N
A/swine/Illinois/A02429956/2019	2019-01-22	MK532488	USA	N
A/swine/Illinois/A02430687/2019	2019-02-21	MK640454	USA	N
A/swine/Illinois/A02430694/2019	2019-02-19	MK640446	USA	N
A/swine/Illinois/A02432162/2019	2019-04-10	MK878753	USA	N
A/swine/Illinois/A02478479/2019	2019-05-08	MN022494	USA	N
A/swine/Illinois/A02478493/2019	2019-05-14	MN066321	USA	N
A/swine/Illinois/A02478532/2019	2019-05-30	MN128333	USA	N
A/swine/Illinois/A02478665/2019	2019-09-03	MN544228	USA	N
A/swine/Illinois/A02478682/2019	2019-09-23	MN575724	USA	N
A/swine/Illinois/A02478828/2019	2019-10-31	MT052132	USA	N
A/swine/Illinois/A02478883/2019	2019-11-14	MT052078	USA	N
A/swine/Illinois/A02478926/2019	2019-11-25	MN932015	USA	N
A/swine/Illinois/A02478974/2019	2019-12-26	MN999903	USA	N
A/swine/Illinois/A02479007/2020	2020-01-21	MT052068	USA	N
A/swine/Illinois/A02479027/2020	2020-01-23	MT077021	USA	N
A/swine/Illinois/A02479045/2020	2020-02-03	MT121031	USA	N
A/swine/Illinois/A02479065/2020	2020-02-12	MT232778	USA	N
A/swine/Indiana/18TOSU2186/2018	2018-08-01	MN198870	USA	N
A/swine/Indiana/18TOSU2860/2018	2018-06-01	MN198894	USA	N
A/swine/Indiana/18TOSU3605/2018	2018-06-01	MH791962	USA	N
A/swine/Indiana/18TOSU3611/2018	2018-06-01	MH791959	USA	N
A/swine/Indiana/18TOSU3614/2018	2018-06-01	MH791956	USA	N
A/swine/Indiana/A01797992/2019	2019-04-24	MK967633	USA	N
A/swine/Indiana/A01812290/2019	2019-04-01	MK890149	USA	N
A/swine/Indiana/A01812292/2019	2019-04-16	MK893081	USA	N
A/swine/Indiana/A01812297/2019	2019-10-24	MN794431	USA	N
A/swine/Indiana/A01812299/2019	2019-12-12	MT027816	USA	N
A/swine/Indiana/A01812302/2020	2020-01-28	MT069941	USA	N
A/swine/Indiana/A02245511/2020	2020-02-24	MT232789	USA	N
A/swine/Indiana/A02254461/2018	2018-07-26	MH802666	USA	N
A/swine/Indiana/A02256610/2018	2018-08-21	MH910359	USA	N
A/swine/Indiana/A02267447/2018	2018-10-09	MK156662	USA	N
A/swine/Indiana/A02267494/2018	2018-10-11	MK129518	USA	N
A/swine/Indiana/A02270009/2018	2018-11-15	MK358866	USA	N
A/swine/Indiana/A02270141/2018	2018-11-21	MK358906	USA	N
A/swine/Indiana/A02427957/2018	2018-12-27	MK418462	USA	N
A/swine/Indiana/A02429798/2019	2019-01-08	MK503412	USA	N
A/swine/Indiana/A02429957/2019	2019-01-24	MK532494	USA	N
A/swine/Indiana/A02430356/2019	2019-02-14	MK640458	USA	N
A/swine/Indiana/A02430541/2019	2019-02-19	MK622823	USA	N
A/swine/Indiana/A02431993/2019	2019-04-01	MK844249	USA	N
A/swine/Indiana/A02478626/2019	2019-08-22	MN450667	USA	N
A/swine/Indiana/A02478693/2019	2019-09-27	MN623504	USA	N
A/swine/Indiana/A02478727/2019	2019-10-04	MN630805	USA	N
A/swine/Indiana/A02478733/2019	2019-10-01	MN630819	USA	N
A/swine/Indiana/A02478818/2019	2019-10-28	MT052134	USA	N
A/swine/Indiana/A02478837/2019	2019-11-07	MT052070	USA	N
A/swine/Indiana/A02478890/2019	2019-11-19	MN932009	USA	N
A/swine/Indiana/A02478925/2019	2019-11-26	MN932019	USA	N
A/swine/Indiana/A02478941/2019	2019-12-06	MN931923	USA	N
A/swine/Indiana/A02478978/2019	2019-12-31	MN999911	USA	N
A/swine/Indiana/A02478983/2020	2020-01-09	MT020064	USA	N
A/swine/Indiana/A02479023/2020	2020-01-21	MT077025	USA	N
A/swine/Indiana/A02479025/2020	2020-01-21	MT077045	USA	N
A/swine/Indiana/A02479029/2019	2019-12-31	MT020076	USA	N
A/swine/Indiana/A02479085/2020	2020-02-26	MT233077	USA	N
A/swine/Indiana/A02479123/2020	2020-03-10	MT277372	USA	N
A/swine/Indiana/A02479148/2020	2020-03-18	MT319797	USA	N
A/swine/Iowa/18Tosu0373/2018	2018-06-07	MK705329	USA	N
A/swine/Iowa/18Tosu0383/2018	2018-06-07	MK705357	USA	N
A/swine/Iowa/18Tosu0394/2018	2018-06-07	MK705389	USA	N
A/swine/Iowa/18Tosu0488/2018	2018-06-07	MK705413	USA	N
A/swine/Iowa/A01678547/2018	2018-03-09	MH118091	USA	N
A/swine/Iowa/A01678555/2018	2018-04-11	MH257678	USA	N
A/swine/Iowa/A01678600/2018	2018-11-27	MK278918	USA	N
A/swine/Iowa/A01785504/2018	2018-03-08	MH223574	USA	N
A/swine/Iowa/A01785505/2018	2018-04-11	MH279977	USA	N
A/swine/Iowa/A01785594/2018	2018-08-03	MH843157	USA	N
A/swine/Iowa/A01785636/2018	2018-10-05	MK106629	USA	N
A/swine/Iowa/A01785783/2018	2018-12-07	MK405271	USA	N
A/swine/Iowa/A01785787/2018	2018-12-12	MK405261	USA	N
A/swine/Iowa/A01785918/2019	2019-01-31	MK551235	USA	N
A/swine/Iowa/A01797994/2019	2019-04-26	MK967589	USA	N
A/swine/Iowa/A01797996/2019	2019-04-17	MK967607	USA	N
A/swine/Iowa/A02016889/2018	2018-06-01	MH551252	USA	N
A/swine/Iowa/A02016894/2018	2018-06-05	MH551244	USA	N
A/swine/Iowa/A02016898/2018	2018-06-06	MH551260	USA	N
A/swine/Iowa/A02139245/2018	2018-01-02	MG917066	USA	N
A/swine/Iowa/A02139351/2018	2018-01-03	MG870262	USA	N
A/swine/Iowa/A02139353/2018	2018-01-04	MG917052	USA	N
A/swine/Iowa/A02140802/2018	2018-01-08	MG930910	USA	N
A/swine/Iowa/A02140874/2018	2018-01-19	MG930920	USA	N
A/swine/Iowa/A02142411/2018	2018-01-31	MH016406	USA	N
A/swine/Iowa/A02154071/2018	2018-02-21	MH094837	USA	N
A/swine/Iowa/A02154072/2018	2018-02-22	MH094818	USA	N
A/swine/Iowa/A02154076/2018	2018-02-22	MH094833	USA	N
A/swine/Iowa/A02154763/2018	2018-03-01	MH156837	USA	N
A/swine/Iowa/A02154766/2018	2018-03-02	MH156825	USA	N
A/swine/Iowa/A02155469/2018	2018-03-06	MH160338	USA	N
A/swine/Iowa/A02156987/2018	2018-03-20	MH201028	USA	N
A/swine/Iowa/A02157543/2018	2018-04-04	MH279995	USA	N
A/swine/Iowa/A02157567/2018	2018-04-09	MH279993	USA	N
A/swine/Iowa/A02157795/2018	2018-04-10	MH345752	USA	N
A/swine/Iowa/A02158151/2018	2018-04-24	MH371208	USA	N
A/swine/Iowa/A02158355/2018	2018-04-30	MH396714	USA	N
A/swine/Iowa/A02158357/2018	2018-04-30	MH396706	USA	N
A/swine/Iowa/A02158359/2018	2018-04-27	MH444865	USA	N
A/swine/Iowa/A02158360/2018	2018-05-02	MH396696	USA	N
A/swine/Iowa/A02158519/2018	2018-05-08	MH444861	USA	N
A/swine/Iowa/A02158520/2018	2018-05-08	MH444855	USA	N
A/swine/Iowa/A02158709/2018	2018-05-17	MH463566	USA	N
A/swine/Iowa/A02158714/2018	2018-05-17	MH463590	USA	N
A/swine/Iowa/A02158757/2018	2018-05-21	MH492497	USA	N
A/swine/Iowa/A02169065/2018	2018-05-23	MH540385	USA	N
A/swine/Iowa/A02169067/2018	2018-05-20	MH540409	USA	N
A/swine/Iowa/A02169075/2018	2018-05-29	MH492495	USA	N
A/swine/Iowa/A02169078/2018	2018-05-10	MH540407	USA	N
A/swine/Iowa/A02170011/2018	2018-06-12	MH595474	USA	N
A/swine/Iowa/A02170162/2018	2018-06-13	MH595466	USA	N
A/swine/Iowa/A02171020/2018	2018-07-02	MH684907	USA	N
A/swine/Iowa/A02171026/2018	2018-07-05	MH684917	USA	N
A/swine/Iowa/A02172377/2018	2018-07-13	MH727186	USA	N
A/swine/Iowa/A02245386/2020	2020-01-09	MT052136	USA	N
A/swine/Iowa/A02245525/2020	2020-03-02	MT252940	USA	N
A/swine/Iowa/A02245581/2020	2020-04-06	MT372536	USA	N
A/swine/Iowa/A02254234/2018	2018-07-20	MH744126	USA	N
A/swine/Iowa/A02254263/2018	2018-07-23	MH744124	USA	N
A/swine/Iowa/A02254363/2018	2018-07-25	MH802668	USA	N
A/swine/Iowa/A02254608/2018	2018-07-21	MH802628	USA	N
A/swine/Iowa/A02254778/2018	2018-08-03	MH802672	USA	N
A/swine/Iowa/A02254975/2018	2018-08-10	MH819322	USA	N
A/swine/Iowa/A02255010/2018	2018-08-06	MH819310	USA	N
A/swine/Iowa/A02256649/2018	2018-08-20	MH937431	USA	N
A/swine/Iowa/A02256932/2018	2018-08-30	MH938188	USA	N
A/swine/Iowa/A02257201/2018	2018-09-04	MH992698	USA	N
A/swine/Iowa/A02257387/2018	2018-09-10	MK039805	USA	N
A/swine/Iowa/A02257394/2018	2018-09-12	MK039803	USA	N
A/swine/Iowa/A02257548/2018	2018-09-25	MK072842	USA	N
A/swine/Iowa/A02257806/2018	2018-09-24	MK072840	USA	N
A/swine/Iowa/A02257962/2018	2018-10-03	MK122753	USA	N
A/swine/Iowa/A02266076/2018	2018-10-03	MK122757	USA	N
A/swine/Iowa/A02267871/2018	2018-10-19	MK156630	USA	N
A/swine/Iowa/A02268397/2018	2018-10-24	MK208423	USA	N
A/swine/Iowa/A02268402/2018	2018-10-24	MK208411	USA	N
A/swine/Iowa/A02268516/2018	2018-11-01	MK249076	USA	N
A/swine/Iowa/A02268957/2018	2018-10-31	MK249096	USA	N
A/swine/Iowa/A02268966/2018	2018-11-09	MK266768	USA	N
A/swine/Iowa/A02269643/2018	2018-11-12	MK318188	USA	N
A/swine/Iowa/A02269644/2018	2018-11-05	MK358896	USA	N
A/swine/Iowa/A02269651/2018	2018-11-05	MK266762	USA	N
A/swine/Iowa/A02269695/2018	2018-11-13	MK266772	USA	N
A/swine/Iowa/A02270002/2018	2018-11-14	MK358874	USA	N
A/swine/Iowa/A02271039/2018	2018-11-21	MK358912	USA	N
A/swine/Iowa/A02427667/2018	2018-12-13	MK391644	USA	N
A/swine/Iowa/A02428126/2018	2018-12-26	MK418484	USA	N
A/swine/Iowa/A02429288/2019	2019-01-04	MK452408	USA	N
A/swine/Iowa/A02429496/2019	2019-01-04	MK477689	USA	N
A/swine/Iowa/A02429498/2019	2019-01-04	MK477685	USA	N
A/swine/Iowa/A02429949/2019	2019-01-21	MK532508	USA	N
A/swine/Iowa/A02429951/2019	2019-01-21	MK532500	USA	N
A/swine/Iowa/A02429953/2019	2019-01-22	MK532484	USA	N
A/swine/Iowa/A02430051/2019	2019-01-31	MK564249	USA	N
A/swine/Iowa/A02430102/2019	2019-01-25	MK564265	USA	N
A/swine/Iowa/A02430478/2019	2019-02-11	MK622819	USA	N
A/swine/Iowa/A02430691/2019	2019-02-20	MK640456	USA	N
A/swine/Iowa/A02430907/2019	2019-02-22	MK677400	USA	N
A/swine/Iowa/A02431133/2019	2019-03-11	MK714855	USA	N
A/swine/Iowa/A02431148/2019	2019-03-07	MK714857	USA	N
A/swine/Iowa/A02431352/2019	2019-03-14	MK751577	USA	N
A/swine/Iowa/A02431454/2019	2019-03-20	MK799869	USA	N
A/swine/Iowa/A02431613/2019	2019-03-21	MK799873	USA	N
A/swine/Iowa/A02431885/2019	2019-03-25	MK844261	USA	N
A/swine/Iowa/A02431986/2019	2019-04-04	MK844253	USA	N
A/swine/Iowa/A02431988/2019	2019-04-04	MK844263	USA	N
A/swine/Iowa/A02431991/2019	2019-04-02	MK844255	USA	N
A/swine/Iowa/A02432156/2019	2019-04-08	MK878741	USA	N
A/swine/Iowa/A02432164/2019	2019-04-10	MK878749	USA	N
A/swine/Iowa/A02432168/2019	2019-04-16	MK878751	USA	N
A/swine/Iowa/A02432324/2019	2019-04-15	MK922341	USA	N
A/swine/Iowa/A02432383/2019	2019-04-16	MK922325	USA	N
A/swine/Iowa/A02478446/2019	2019-04-26	MN095390	USA	N
A/swine/Iowa/A02478455/2019	2019-04-25	MK967587	USA	N
A/swine/Iowa/A02478483/2019	2019-05-15	MN022486	USA	N
A/swine/Iowa/A02478486/2019	2019-05-16	MN066333	USA	N
A/swine/Iowa/A02478490/2019	2019-05-09	MN066337	USA	N
A/swine/Iowa/A02478495/2019	2019-05-16	MN066327	USA	N
A/swine/Iowa/A02478507/2019	2019-05-24	MN086864	USA	N
A/swine/Iowa/A02478516/2019	2019-05-20	MN086848	USA	N
A/swine/Iowa/A02478519/2019	2019-06-03	MN095380	USA	N
A/swine/Iowa/A02478521/2019	2019-05-31	MN095384	USA	N
A/swine/Iowa/A02478522/2019	2019-05-28	MN095372	USA	N
A/swine/Iowa/A02478529/2019	2019-06-05	MN128331	USA	N
A/swine/Iowa/A02478536/2019	2019-06-03	MN128335	USA	N
A/swine/Iowa/A02478539/2019	2019-06-05	MN128327	USA	N
A/swine/Iowa/A02478542/2019	2019-06-14	MN150154	USA	N
A/swine/Iowa/A02478548/2019	2019-06-11	MN150164	USA	N
A/swine/Iowa/A02478553/2019	2019-06-07	MN184587	USA	N
A/swine/Iowa/A02478562/2019	2019-06-18	MN193090	USA	N
A/swine/Iowa/A02478563/2019	2019-06-19	MN193096	USA	N
A/swine/Iowa/A02478570/2019	2019-07-01	MN224993	USA	N
A/swine/Iowa/A02478575/2019	2019-07-01	MN224991	USA	N
A/swine/Iowa/A02478578/2019	2019-07-10	MN256847	USA	N
A/swine/Iowa/A02478584/2019	2019-07-10	MN256851	USA	N
A/swine/Iowa/A02478586/2019	2019-07-17	MN307910	USA	N
A/swine/Iowa/A02478588/2019	2019-07-09	MN307920	USA	N
A/swine/Iowa/A02478595/2019	2019-07-16	MN307916	USA	N
A/swine/Iowa/A02478600/2019	2019-07-26	MN319474	USA	N
A/swine/Iowa/A02478601/2019	2019-07-30	MN319480	USA	N
A/swine/Iowa/A02478604/2019	2019-08-01	MN389223	USA	N
A/swine/Iowa/A02478605/2019	2019-08-05	MN389221	USA	N
A/swine/Iowa/A02478617/2019	2019-08-19	MN436834	USA	N
A/swine/Iowa/A02478623/2019	2019-08-21	MN450665	USA	N
A/swine/Iowa/A02478632/2019	2019-09-04	MN517798	USA	N
A/swine/Iowa/A02478634/2019	2019-08-27	MN517786	USA	N
A/swine/Iowa/A02478636/2019	2019-08-26	MN517796	USA	N
A/swine/Iowa/A02478649/2019	2019-09-09	MN517774	USA	N
A/swine/Iowa/A02478650/2019	2019-09-09	MN517762	USA	N
A/swine/Iowa/A02478654/2019	2019-09-03	MN517772	USA	N
A/swine/Iowa/A02478658/2019	2019-09-05	MN517802	USA	N
A/swine/Iowa/A02478672/2019	2019-09-09	MN544236	USA	N
A/swine/Iowa/A02478674/2019	2019-09-09	MN544220	USA	N
A/swine/Iowa/A02478683/2019	2019-09-16	MN575716	USA	N
A/swine/Iowa/A02478688/2019	2019-09-18	MN575722	USA	N
A/swine/Iowa/A02478700/2019	2019-09-24	MN623516	USA	N
A/swine/Iowa/A02478703/2019	2019-09-25	MN623500	USA	N
A/swine/Iowa/A02478723/2019	2019-10-03	MN630813	USA	N
A/swine/Iowa/A02478729/2019	2019-10-08	MN630825	USA	N
A/swine/Iowa/A02478730/2019	2019-10-08	MN630803	USA	N
A/swine/Iowa/A02478735/2019	2019-10-09	MN655811	USA	N
A/swine/Iowa/A02478747/2019	2019-10-11	MN655831	USA	N
A/swine/Iowa/A02478750/2019	2019-10-09	MN655783	USA	N
A/swine/Iowa/A02478758/2019	2019-10-07	MN655815	USA	N
A/swine/Iowa/A02478759/2019	2019-10-07	MN655791	USA	N
A/swine/Iowa/A02478762/2019	2019-10-04	MN655801	USA	N
A/swine/Iowa/A02478764/2019	2019-10-15	MN688594	USA	N
A/swine/Iowa/A02478767/2019	2019-10-16	MN688606	USA	N
A/swine/Iowa/A02478782/2019	2019-10-15	MN688582	USA	N
A/swine/Iowa/A02478817/2019	2019-10-29	MT052110	USA	N
A/swine/Iowa/A02478823/2019	2019-10-31	MT052086	USA	N
A/swine/Iowa/A02478825/2019	2019-10-29	MN846593	USA	N
A/swine/Iowa/A02478829/2019	2019-11-04	MT052106	USA	N
A/swine/Iowa/A02478854/2019	2019-11-06	MN932011	USA	N
A/swine/Iowa/A02478855/2019	2019-11-06	MN857614	USA	N
A/swine/Iowa/A02478861/2019	2019-11-11	MT052072	USA	N
A/swine/Iowa/A02478871/2019	2019-11-12	MN931995	USA	N
A/swine/Iowa/A02478877/2019	2019-11-12	MN857590	USA	N
A/swine/Iowa/A02478878/2019	2019-11-14	MT052128	USA	N
A/swine/Iowa/A02478910/2019	2019-11-20	MN932061	USA	N
A/swine/Iowa/A02478930/2019	2019-12-03	MN932013	USA	N
A/swine/Iowa/A02478955/2019	2019-12-06	MN931967	USA	N
A/swine/Iowa/A02478956/2019	2019-12-04	MN931965	USA	N
A/swine/Iowa/A02478972/2019	2019-12-26	MT052064	USA	N
A/swine/Iowa/A02478976/2019	2019-12-24	MN999907	USA	N
A/swine/Iowa/A02478979/2019	2019-12-31	MN999905	USA	N
A/swine/Iowa/A02478982/2020	2020-01-08	MT020060	USA	N
A/swine/Iowa/A02478997/2020	2020-01-13	MT052098	USA	N
A/swine/Iowa/A02478999/2020	2020-01-14	MT052104	USA	N
A/swine/Iowa/A02479012/2020	2020-01-24	MT077055	USA	N
A/swine/Iowa/A02479018/2020	2020-01-22	MT077035	USA	N
A/swine/Iowa/A02479026/2020	2020-01-22	MT077029	USA	N
A/swine/Iowa/A02479047/2020	2020-02-03	MT121019	USA	N
A/swine/Iowa/A02479050/2020	2020-02-06	MT121025	USA	N
A/swine/Iowa/A02479053/2020	2020-02-07	MT121017	USA	N
A/swine/Iowa/A02479059/2020	2020-02-06	MT154209	USA	N
A/swine/Iowa/A02479069/2020	2020-02-17	MT232768	USA	N
A/swine/Iowa/A02479100/2020	2020-02-25	MT233091	USA	N
A/swine/Iowa/A02479120/2020	2020-03-06	MT277479	USA	N
A/swine/Iowa/A02479126/2020	2020-03-05	MT277378	USA	N
A/swine/Iowa/A02479137/2020	2020-03-18	MT319769	USA	N
A/swine/Iowa/A02479140/2020	2020-03-11	MT367645	USA	N
A/swine/Iowa/A02479154/2020	2020-03-19	MT319811	USA	N
A/swine/Iowa/A02479159/2020	2020-03-23	MT319777	USA	N
A/swine/Kansas/A01378039/2018	2018-03-05	MH234856	USA	N
A/swine/Kansas/A01378040/2018	2018-04-16	MH279898	USA	N
A/swine/Kansas/A01378042/2019	2019-02-08	MK608669	USA	N
A/swine/Kansas/A01378043/2019	2019-02-21	MK751601	USA	N
A/swine/Kansas/A01378045/2019	2019-10-30	MN907128	USA	N
A/swine/Kansas/A01785429/2018	2018-01-29	MG996526	USA	N
A/swine/Kansas/A01785536/2018	2018-05-07	MH445472	USA	N
A/swine/Kansas/A01785556/2018	2018-05-30	MH496719	USA	N
A/swine/Kansas/A01785624/2018	2018-09-19	MK050784	USA	N
A/swine/Kansas/A01785730/2018	2018-10-31	MK243698	USA	N
A/swine/Kansas/A01785735/2018	2018-11-01	MK267263	USA	N
A/swine/Kansas/A01785751/2018	2018-11-13	MK267239	USA	N
A/swine/Kansas/A01785786/2018	2018-12-10	MK388516	USA	N
A/swine/Kansas/A01785815/2019	2019-01-04	MK445323	USA	N
A/swine/Kansas/A02245011/2019	2019-03-18	MK785424	USA	N
A/swine/Kansas/A02245216/2019	2019-08-16	MN447256	USA	N
A/swine/Kansas/A02245241/2019	2019-09-13	MN543900	USA	N
A/swine/Kansas/A02245244/2019	2019-09-19	MN575756	USA	N
A/swine/Kansas/A02245259/2019	2019-10-01	MN575736	USA	N
A/swine/Kansas/A02245345/2019	2019-11-29	MN857566	USA	N
A/swine/Kansas/A02245349/2019	2019-12-03	MN932063	USA	N
A/swine/Kansas/A02245371/2019	2019-12-27	MT020044	USA	N
A/swine/Kansas/A02245376/2020	2020-01-07	MT020046	USA	N
A/swine/Kansas/A02245387/2020	2020-01-10	MT052150	USA	N
A/swine/Kansas/A02430272/2019	2019-02-07	MK587473	USA	N
A/swine/Kansas/A02478669/2019	2019-09-12	MN544234	USA	N
A/swine/Kansas/A02478876/2019	2019-11-13	MT052080	USA	N
A/swine/Kansas/A02479028/2020	2020-01-24	MT077031	USA	N
A/swine/MI/71110/2018	2018-10-11	MN328337	USA	N
A/swine/MN/58835/2018	2018-08-21	MN328335	USA	N
A/swine/MO/28229/2018	2018-04-18	MN328317	USA	N
A/swine/Manitoba/D0524/2018	2018-01-18	MK462886	Canada	N
A/swine/Manitoba/D0525/2018	2018-01-18	MK462701	Canada	N
A/swine/Michigan/A01678583/2018	2018-09-05	MH976803	USA	N
A/swine/Michigan/A02254615/2018	2018-07-25	MH802642	USA	N
A/swine/Michigan/A02427889/2018	2018-12-21	MK405249	USA	N
A/swine/Michigan/A02478737/2019	2019-06-28	MN608553	USA	N
A/swine/Michigan/A02478751/2019	2019-10-08	MN655827	USA	N
A/swine/Michigan/A02479000/2020	2020-01-16	MT052118	USA	N
A/swine/Minnesota/A01678556/2018	2018-04-16	MH299808	USA	N
A/swine/Minnesota/A01678586/2018	2018-09-20	MK014571	USA	N
A/swine/Minnesota/A01678595/2018	2018-10-31	MK181522	USA	N
A/swine/Minnesota/A01785415/2018	2018-01-09	MG930942	USA	N
A/swine/Minnesota/A01785416/2018	2018-01-10	MG954318	USA	N
A/swine/Minnesota/A01785422/2018	2018-01-18	MG930940	USA	N
A/swine/Minnesota/A01785461/2018	2018-03-02	MH157017	USA	N
A/swine/Minnesota/A01785463/2018	2018-03-09	MH157021	USA	N
A/swine/Minnesota/A01785476/2018	2018-03-20	MH223578	USA	N
A/swine/Minnesota/A01785488/2018	2018-03-27	MH376898	USA	N
A/swine/Minnesota/A01785489/2018	2018-03-29	MH252085	USA	N
A/swine/Minnesota/A01785491/2018	2018-03-30	MH223586	USA	N
A/swine/Minnesota/A01785496/2018	2018-04-05	MH279975	USA	N
A/swine/Minnesota/A01785497/2018	2018-04-05	MH341205	USA	N
A/swine/Minnesota/A01785531/2018	2018-05-01	MH412697	USA	N
A/swine/Minnesota/A01785562/2018	2018-06-05	MH546131	USA	N
A/swine/Minnesota/A01785563/2018	2018-06-05	MH561755	USA	N
A/swine/Minnesota/A01785566/2018	2018-06-06	MH546133	USA	N
A/swine/Minnesota/A01785567/2018	2018-06-06	MH561743	USA	N
A/swine/Minnesota/A01785568/2018	2018-06-08	MH561745	USA	N
A/swine/Minnesota/A01785592/2018	2018-08-07	MH814933	USA	N
A/swine/Minnesota/A01785595/2018	2018-08-07	MH814939	USA	N
A/swine/Minnesota/A01785596/2018	2018-08-07	MH802617	USA	N
A/swine/Minnesota/A01785619/2018	2018-09-10	MK024155	USA	N
A/swine/Minnesota/A01785621/2018	2018-09-12	MK024149	USA	N
A/swine/Minnesota/A01785628/2018	2018-09-26	MK071668	USA	N
A/swine/Minnesota/A01785718/2018	2018-10-24	MK176494	USA	N
A/swine/Minnesota/A01785723/2018	2018-10-28	MK176492	USA	N
A/swine/Minnesota/A01785743/2018	2018-11-08	MK267241	USA	N
A/swine/Minnesota/A01785759/2018	2018-11-16	MK297706	USA	N
A/swine/Minnesota/A01785768/2018	2018-11-26	MK317981	USA	N
A/swine/Minnesota/A01785779/2018	2018-12-05	MK388512	USA	N
A/swine/Minnesota/A01785782/2018	2018-12-07	MK388532	USA	N
A/swine/Minnesota/A01785788/2018	2018-12-12	MK405269	USA	N
A/swine/Minnesota/A01785812/2018	2018-12-31	MK405275	USA	N
A/swine/Minnesota/A01785814/2019	2019-01-04	MK445327	USA	N
A/swine/Minnesota/A01785845/2019	2019-01-09	MK506991	USA	N
A/swine/Minnesota/A01785848/2019	2019-01-11	MK506987	USA	N
A/swine/Minnesota/A01785859/2019	2019-01-21	MK512727	USA	N
A/swine/Minnesota/A01785862/2019	2019-01-22	MK512725	USA	N
A/swine/Minnesota/A01785909/2019	2019-01-24	MK551227	USA	N
A/swine/Minnesota/A01785920/2019	2019-01-31	MK551237	USA	N
A/swine/Minnesota/A01785953/2019	2019-02-13	MK577679	USA	N
A/swine/Minnesota/A01785989/2019	2019-02-22	MK785426	USA	N
A/swine/Minnesota/A02157976/2018	2018-04-18	MH350908	USA	N
A/swine/Minnesota/A02158518/2018	2018-05-10	MH444847	USA	N
A/swine/Minnesota/A02158927/2018	2018-05-17	MH540389	USA	N
A/swine/Minnesota/A02171021/2018	2018-07-02	MH684915	USA	N
A/swine/Minnesota/A02245014/2019	2019-03-18	MK785440	USA	N
A/swine/Minnesota/A02245092/2019	2019-03-27	MK859917	USA	N
A/swine/Minnesota/A02245096/2019	2019-03-28	MK821309	USA	N
A/swine/Minnesota/A02245106/2019	2019-04-16	MK871747	USA	N
A/swine/Minnesota/A02245133/2019	2019-05-15	MN044097	USA	N
A/swine/Minnesota/A02245139/2019	2019-05-22	MN044091	USA	N
A/swine/Minnesota/A02245180/2019	2019-06-19	MN168282	USA	N
A/swine/Minnesota/A02245182/2019	2019-06-25	MN183789	USA	N
A/swine/Minnesota/A02245188/2019	2019-06-28	MN183795	USA	N
A/swine/Minnesota/A02245197/2019	2019-07-10	MN241067	USA	N
A/swine/Minnesota/A02245201/2019	2019-07-19	MN307898	USA	N
A/swine/Minnesota/A02245205/2019	2019-07-26	MN447244	USA	N
A/swine/Minnesota/A02245235/2019	2019-09-06	MN543878	USA	N
A/swine/Minnesota/A02245255/2019	2019-09-24	MN575744	USA	N
A/swine/Minnesota/A02245278/2019	2019-10-09	MN630295	USA	N
A/swine/Minnesota/A02245296/2019	2019-10-23	MN688368	USA	N
A/swine/Minnesota/A02245303/2019	2019-10-24	MN688366	USA	N
A/swine/Minnesota/A02245304/2019	2019-10-24	MN688372	USA	N
A/swine/Minnesota/A02245306/2019	2019-10-28	MN688370	USA	N
A/swine/Minnesota/A02245307/2019	2019-10-28	MN688364	USA	N
A/swine/Minnesota/A02245312/2019	2019-10-31	MN848889	USA	N
A/swine/Minnesota/A02245351/2019	2019-12-02	MN932065	USA	N
A/swine/Minnesota/A02245357/2019	2019-12-12	MT020042	USA	N
A/swine/Minnesota/A02245369/2019	2019-12-20	MN963937	USA	N
A/swine/Minnesota/A02245380/2020	2020-01-08	MT052144	USA	N
A/swine/Minnesota/A02245410/2020	2020-02-03	MT154187	USA	N
A/swine/Minnesota/A02245422/2020	2020-02-24	MT232801	USA	N
A/swine/Minnesota/A02245533/2020	2020-03-18	MT318333	USA	N
A/swine/Minnesota/A02245563/2020	2020-03-26	MT372512	USA	N
A/swine/Minnesota/A02245564/2020	2020-03-24	MT372520	USA	N
A/swine/Minnesota/A02245582/2020	2020-04-07	MT372548	USA	N
A/swine/Minnesota/A02245583/2020	2020-04-07	MT372542	USA	N
A/swine/Minnesota/A02245584/2020	2020-04-07	MT372518	USA	N
A/swine/Minnesota/A02257619/2018	2018-09-20	MK071692	USA	N
A/swine/Minnesota/A02257811/2018	2018-09-21	MK072836	USA	N
A/swine/Minnesota/A02266068/2018	2018-10-01	MK122759	USA	N
A/swine/Minnesota/A02432160/2019	2019-04-05	MK878733	USA	N
A/swine/Minnesota/A02478714/2019	2019-09-24	MN630817	USA	N
A/swine/Minnesota/A02478718/2019	2019-09-28	MN630795	USA	N
A/swine/Minnesota/A02478822/2019	2019-10-30	MT052130	USA	N
A/swine/Minnesota/A02478920/2019	2019-11-25	MN932025	USA	N
A/swine/Missouri/A01785484/2018	2018-03-26	MH223582	USA	N
A/swine/Missouri/A02142415/2018	2018-01-30	MG983496	USA	N
A/swine/Missouri/A02169142/2018	2018-05-18	MH540397	USA	N
A/swine/Missouri/A02170599/2018	2018-06-27	MH647806	USA	N
A/swine/Missouri/A02200041/2018	2018-01-25	MG983210	USA	N
A/swine/Missouri/A02256554/2018	2018-08-13	MH910347	USA	N
A/swine/Missouri/A02257032/2018	2018-08-30	MH938194	USA	N
A/swine/Missouri/A02257614/2018	2018-09-18	MK071676	USA	N
A/swine/Missouri/A02271170/2018	2018-12-03	MK371693	USA	N
A/swine/Missouri/A02428123/2018	2018-12-20	MK418476	USA	N
A/swine/Missouri/A02431992/2019	2019-04-02	MK844237	USA	N
A/swine/Missouri/A02432296/2019	2019-04-16	MK922305	USA	N
A/swine/Missouri/A02478497/2019	2019-05-16	MN066335	USA	N
A/swine/Missouri/A02478831/2019	2019-11-05	MT052112	USA	N
A/swine/Missouri/A02478935/2019	2019-12-03	MN931939	USA	N
A/swine/Missouri/A02479155/2020	2020-03-19	MT319779	USA	N
A/swine/Nebraska/A01678580/2018	2018-08-24	MH899098	USA	N
A/swine/Nebraska/A01785407/2018	2018-01-04	MG967547	USA	N
A/swine/Nebraska/A01785413/2018	2018-01-09	MG907117	USA	N
A/swine/Nebraska/A01785423/2018	2018-01-18	MG930938	USA	N
A/swine/Nebraska/A01785451/2018	2018-02-21	MH055380	USA	N
A/swine/Nebraska/A01785515/2018	2018-04-19	MH365335	USA	N
A/swine/Nebraska/A01785535/2018	2018-05-08	MH445470	USA	N
A/swine/Nebraska/A01785572/2018	2018-06-13	MH561747	USA	N
A/swine/Nebraska/A01785583/2018	2018-07-11	MH680941	USA	N
A/swine/Nebraska/A01785736/2018	2018-11-02	MK243690	USA	N
A/swine/Nebraska/A01785951/2019	2019-02-07	MK577681	USA	N
A/swine/Nebraska/A02140795/2018	2018-01-08	MG917048	USA	N
A/swine/Nebraska/A02140873/2018	2018-01-19	MG930912	USA	N
A/swine/Nebraska/A02142683/2018	2018-02-14	MH016398	USA	N
A/swine/Nebraska/A02155428/2018	2018-03-09	MH160344	USA	N
A/swine/Nebraska/A02157995/2018	2018-04-24	MH371214	USA	N
A/swine/Nebraska/A02158807/2018	2018-05-23	MH463582	USA	N
A/swine/Nebraska/A02169069/2018	2018-05-16	MH540403	USA	N
A/swine/Nebraska/A02171019/2018	2018-07-09	MH819326	USA	N
A/swine/Nebraska/A02171222/2018	2018-07-13	MH727190	USA	N
A/swine/Nebraska/A02245112/2019	2019-04-22	MK931425	USA	N
A/swine/Nebraska/A02245325/2019	2019-11-13	MN932087	USA	N
A/swine/Nebraska/A02245377/2020	2020-01-08	MT052166	USA	N
A/swine/Nebraska/A02245411/2020	2020-02-04	MT154197	USA	N
A/swine/Nebraska/A02245526/2020	2020-03-05	MT318325	USA	N
A/swine/Nebraska/A02245566/2020	2020-03-27	MT372522	USA	N
A/swine/Nebraska/A02254605/2018	2018-07-19	MH802650	USA	N
A/swine/Nebraska/A02254607/2018	2018-07-19	MH802638	USA	N
A/swine/Nebraska/A02254616/2018	2018-07-25	MH802644	USA	N
A/swine/Nebraska/A02254794/2018	2018-07-30	MH802664	USA	N
A/swine/Nebraska/A02254796/2018	2018-07-27	MH802624	USA	N
A/swine/Nebraska/A02256553/2018	2018-08-14	MH910357	USA	N
A/swine/Nebraska/A02257337/2018	2018-09-14	MK039823	USA	N
A/swine/Nebraska/A02266075/2018	2018-10-02	MK122735	USA	N
A/swine/Nebraska/A02268693/2018	2018-11-02	MK249092	USA	N
A/swine/Nebraska/A02269997/2018	2018-11-13	MK358900	USA	N
A/swine/Nebraska/A02271062/2018	2018-11-30	MK371703	USA	N
A/swine/Nebraska/A02430270/2019	2019-02-06	MK587475	USA	N
A/swine/Nebraska/A02430692/2019	2019-02-19	MK640444	USA	N
A/swine/Nebraska/A02431880/2019	2019-03-26	MK844251	USA	N
A/swine/Nebraska/A02432059/2019	2019-04-09	MK844235	USA	N
A/swine/Nebraska/A02478470/2019	2019-05-09	MN022476	USA	N
A/swine/Nebraska/A02478852/2019	2019-11-06	MT052100	USA	N
A/swine/Nebraska/A02479150/2020	2020-03-19	MT319781	USA	N
A/swine/NorthCarolina/A01785410/2018	2018-01-05	MG907119	USA	N
A/swine/NorthCarolina/A01785419/2018	2018-01-16	MG954322	USA	N
A/swine/NorthCarolina/A01785421/2018	2018-01-18	MG954324	USA	N
A/swine/NorthCarolina/A01785450/2018	2018-02-15	MH157023	USA	N
A/swine/NorthCarolina/A01785522/2018	2018-04-17	MH412693	USA	N
A/swine/NorthCarolina/A01785534/2018	2018-05-08	MH477733	USA	N
A/swine/NorthCarolina/A01785537/2018	2018-05-09	MH412695	USA	N
A/swine/NorthCarolina/A01785538/2018	2018-05-10	MH477731	USA	N
A/swine/NorthCarolina/A01785542/2018	2018-05-21	MH496713	USA	N
A/swine/NorthCarolina/A01785551/2018	2018-05-22	MH477735	USA	N
A/swine/NorthCarolina/A01785552/2018	2018-05-18	MH561749	USA	N
A/swine/NorthCarolina/A01785561/2018	2018-06-04	MH546127	USA	N
A/swine/NorthCarolina/A01785564/2018	2018-06-06	MH546129	USA	N
A/swine/NorthCarolina/A01785579/2018	2018-06-21	MH680935	USA	N
A/swine/NorthCarolina/A01785581/2018	2018-07-05	MH714794	USA	N
A/swine/NorthCarolina/A01785582/2018	2018-07-05	MH680937	USA	N
A/swine/NorthCarolina/A01785585/2018	2018-07-23	MH752424	USA	N
A/swine/NorthCarolina/A01785631/2018	2018-10-01	MK072856	USA	N
A/swine/NorthCarolina/A01785721/2018	2018-10-24	MK176496	USA	N
A/swine/NorthCarolina/A01785744/2018	2018-11-07	MK267247	USA	N
A/swine/NorthCarolina/A01785846/2019	2019-01-10	MK506981	USA	N
A/swine/NorthCarolina/A01785849/2019	2019-01-11	MK512719	USA	N
A/swine/NorthCarolina/A01785857/2019	2019-01-18	MK551229	USA	N
A/swine/NorthCarolina/A02140660/2018	2018-01-11	MG917046	USA	N
A/swine/NorthCarolina/A02140665/2018	2018-01-11	MG917078	USA	N
A/swine/NorthCarolina/A02140803/2018	2018-01-10	MG917058	USA	N
A/swine/NorthCarolina/A02142700/2018	2018-02-13	MH016388	USA	N
A/swine/NorthCarolina/A02142722/2018	2018-02-14	MH094839	USA	N
A/swine/NorthCarolina/A02155541/2018	2018-03-12	MH160334	USA	N
A/swine/NorthCarolina/A02156991/2018	2018-03-22	MH201008	USA	N
A/swine/NorthCarolina/A02245129/2019	2019-05-12	MK992897	USA	N
A/swine/NorthCarolina/A02245170/2019	2019-06-12	MN168278	USA	N
A/swine/NorthCarolina/A02245215/2019	2019-08-15	MN447212	USA	N
A/swine/NorthCarolina/A02245239/2019	2019-09-10	MN575746	USA	N
A/swine/NorthCarolina/A02245252/2019	2019-09-19	MN575742	USA	N
A/swine/NorthCarolina/A02245253/2019	2019-09-19	MN575740	USA	N
A/swine/NorthCarolina/A02245294/2019	2019-10-15	MN646208	USA	N
A/swine/NorthCarolina/A02245385/2020	2020-01-10	MT081583	USA	N
A/swine/NorthCarolina/A02245396/2020	2020-01-21	MT052154	USA	N
A/swine/NorthCarolina/A02245398/2020	2020-01-09	MT081599	USA	N
A/swine/NorthCarolina/A02245413/2020	2020-02-06	MT154185	USA	N
A/swine/NorthCarolina/A02245530/2020	2020-03-11	MT318321	USA	N
A/swine/NorthCarolina/A02245567/2020	2020-03-27	MT372538	USA	N
A/swine/NorthCarolina/A02254950/2018	2018-08-09	MH819318	USA	N
A/swine/NorthCarolina/A02256427/2018	2018-08-13	MH819314	USA	N
A/swine/NorthCarolina/A02269776/2018	2018-11-13	MK266780	USA	N
A/swine/NorthCarolina/A02427880/2018	2018-12-20	MK405243	USA	N
A/swine/NorthCarolina/A02429717/2019	2019-01-18	MK503410	USA	N
A/swine/NorthCarolina/A02429804/2019	2019-01-15	MK503408	USA	N
A/swine/NorthCarolina/A02431888/2019	2019-03-25	MK828105	USA	N
A/swine/NorthCarolina/A02478551/2019	2019-06-24	MN184577	USA	N
A/swine/NorthCarolina/A02478552/2019	2019-06-06	MN184571	USA	N
A/swine/NorthCarolina/A02478615/2019	2019-08-13	MN436832	USA	N
A/swine/NorthCarolina/A02478628/2019	2019-08-28	MN450675	USA	N
A/swine/NorthCarolina/A02478653/2019	2019-09-09	MN517806	USA	N
A/swine/NorthCarolina/A02478666/2019	2019-09-12	MN544238	USA	N
A/swine/NorthCarolina/A02478687/2019	2019-09-19	MN575720	USA	N
A/swine/NorthCarolina/A02478707/2019	2019-10-01	MN630815	USA	N
A/swine/NorthCarolina/A02478711/2019	2019-10-02	MN630827	USA	N
A/swine/NorthCarolina/A02478740/2019	2019-10-11	MN655813	USA	N
A/swine/NorthCarolina/A02478832/2019	2019-11-06	MT052084	USA	N
A/swine/NorthCarolina/A02478858/2019	2019-11-11	MN848867	USA	N
A/swine/NorthCarolina/A02478865/2019	2019-11-13	MN932001	USA	N
A/swine/NorthCarolina/A02478880/2019	2019-11-14	MT052092	USA	N
A/swine/NorthCarolina/A02478894/2019	2019-11-18	MN932059	USA	N
A/swine/NorthCarolina/A02478964/2019	2019-12-19	MN931870	USA	N
A/swine/NorthCarolina/A02479010/2020	2020-01-22	MT077019	USA	N
A/swine/NorthCarolina/A02479041/2020	2020-02-06	MT121015	USA	N
A/swine/NorthCarolina/A02479052/2020	2020-02-06	MT121023	USA	N
A/swine/NorthCarolina/A02479083/2020	2020-02-20	MT233095	USA	N
A/swine/Ohio/A01797995/2019	2019-04-23	MK967635	USA	N
A/swine/Ohio/A02245339/2019	2019-11-19	MN857562	USA	N
A/swine/Ohio/A02430905/2019	2019-02-21	MK677412	USA	N
A/swine/Ohio/A02478686/2019	2019-09-17	MN575714	USA	N
A/swine/Ohio/A02478879/2019	2019-11-14	MN857576	USA	N
A/swine/Ohio/A02478957/2019	2019-12-05	MN931961	USA	N
A/swine/Ohio/A02479175/2020	2020-03-24	MT367675	USA	N
A/swine/Ohio/OH-18-5253/2018	2018-03-09	MH234399	USA	N
A/swine/Ohio/OH-18-6906/2018	2018-03-25	MH234407	USA	N
A/swine/Ohio/OH-18-6910/2018	2018-03-26	MH234415	USA	N
A/swine/Ohio/OH-18-7450/2018	2018-04-02	MH234423	USA	N
A/swine/Ohio/OH-18-7969/2018	2018-04-06	MH234447	USA	N
A/swine/Ohio/OH18-08582.4/2018	2018-04-15	MK478509	USA	N
A/swine/Ohio/OH18-09970.4/2018	2018-04-29	MK478541	USA	N
A/swine/Ohio/OH18-09978.4/2018	2018-04-29	MK478549	USA	N
A/swine/Ohio/OH18-23554-1.4/2018	2018-10-19	MK478581	USA	N
A/swine/Ohio/OH18-25012.4/2018	2018-11-13	MK478605	USA	N
A/swine/Ohio/OH18-25268-5.4/2018	2018-11-14	MK478613	USA	N
A/swine/Ohio/OH18-26242-1.4/2018	2018-11-29	MK478629	USA	N
A/swine/Ohio/OH18-27220-4.4/2018	2018-12-13	MK478661	USA	N
A/swine/Oklahoma/A01678581/2018	2018-08-28	MH976801	USA	N
A/swine/Oklahoma/A01678605/2019	2019-07-12	MN413678	USA	N
A/swine/Oklahoma/A01785514/2018	2018-04-19	MH376900	USA	N
A/swine/Oklahoma/A01785611/2018	2018-09-04	MK024147	USA	N
A/swine/Oklahoma/A01785722/2018	2018-10-25	MK176506	USA	N
A/swine/Oklahoma/A01785776/2018	2018-12-03	MK317989	USA	N
A/swine/Oklahoma/A01785992/2019	2019-02-27	MK640474	USA	N
A/swine/Oklahoma/A02245308/2019	2019-10-28	MN688362	USA	N
A/swine/Oklahoma/A02431948/2019	2019-04-03	MK844267	USA	N
A/swine/Oklahoma/A02478518/2019	2019-05-16	MN086856	USA	N
A/swine/Oklahoma/A02478660/2019	2019-09-04	MN517808	USA	N
A/swine/Oklahoma/A02478845/2019	2019-10-31	MN857580	USA	N
A/swine/Oklahoma/A02479048/2020	2020-02-04	MT121035	USA	N
A/swine/Oklahoma/A02479098/2020	2020-02-04	MT233075	USA	N
A/swine/Oklahoma/A02479121/2020	2020-03-06	MT277370	USA	N
A/swine/Ontario/SD0298/2018	2018-05-01	MK462790	Canada	N
A/swine/Pennsylvania/A02257193/2018	2018-09-06	MH992684	USA	N
A/swine/Pennsylvania/A02257263/2018	2018-09-06	MH992674	USA	N
A/swine/Pennsylvania/A02479125/2020	2020-03-11	MT277380	USA	N
A/swine/Pennsylvania/A02479128/2020	2020-03-12	MT277368	USA	N
A/swine/Pennsylvania/A02479139/2020	2020-03-19	MT319773	USA	N
A/swine/Saskatchewan/SD0271/2018	2018-03-09	MK462563	Canada	N
A/swine/Saskatchewan/SD0300/2018	2018-05-08	MK462451	Canada	N
A/swine/SouthDakota/A01785408/2018	2018-01-08	MH014784	USA	N
A/swine/SouthDakota/A01785471/2018	2018-03-15	MH157019	USA	N
A/swine/SouthDakota/A01785987/2019	2019-02-21	MK640466	USA	N
A/swine/SouthDakota/A01785988/2019	2019-02-21	MK671352	USA	N
A/swine/SouthDakota/A02245350/2019	2019-12-02	MN932069	USA	N
A/swine/SouthDakota/A02430908/2019	2019-02-26	MK677404	USA	N
A/swine/SouthDakota/A02478607/2019	2019-07-31	MN389231	USA	N
A/swine/SouthDakota/A02478745/2019	2019-10-10	MN655797	USA	N
A/swine/SouthDakota/A01678549/2018	2018-03-19	MH179046	USA	N
A/swine/Tennessee/A02157798/2018	2018-04-12	MH345756	USA	N
A/swine/Tennessee/A02428125/2018	2018-12-20	MK418466	USA	N
A/swine/Texas/A01785420/2018	2018-01-17	MG954314	USA	N
A/swine/Texas/A01785529/2018	2018-04-30	MH445461	USA	N
A/swine/Texas/A01785616/2018	2018-09-11	MK024145	USA	N
A/swine/Texas/A01785724/2018	2018-10-29	MK176502	USA	N
A/swine/Texas/A01785741/2018	2018-11-07	MK267271	USA	N
A/swine/Texas/A01785780/2018	2018-12-05	MK388526	USA	N
A/swine/Texas/A01785781/2018	2018-12-05	MK388528	USA	N
A/swine/Texas/A01785793/2018	2018-12-19	MK388514	USA	N
A/swine/Texas/A02245008/2019	2019-03-11	MK705902	USA	N
A/swine/Texas/A02245368/2019	2019-12-19	MN963929	USA	N
A/swine/Texas/A02245516/2020	2020-02-27	MT318329	USA	N
A/swine/USA/19/2018	2018-03-23	MN931831	USA	N
A/swine/USA/20/2018	2018-04-16	MN931832	USA	N
A/swine/USA/23/2018	2018-10-09	MN931835	USA	N
A/swine/USA/24/2018	2018-10-11	MN931836	USA	N
A/swine/USA/27/2018	2018-11-06	MN931839	USA	N
A/swine/USA/29/2018	2018-12-20	MN931841	USA	N
A/swine/USA/31/2018	2018-12-27	MN931843	USA	N
A/swine/USA/36/2019	2019-02-20	MN931848	USA	N
A/swine/USA/38/2019	2019-05-16	MN931850	USA	N
A/swine/USA/41/2019	2019-06-21	MN931853	USA	N
A/swine/Utah/A02142228/2018	2018-01-29	MG977434	USA	N
A/swine/Utah/A02158322/2018	2018-05-02	MH396698	USA	N
A/swine/Utah/A02245102/2019	2019-04-11	MK881755	USA	N
A/swine/Utah/A02255014/2018	2018-08-09	MH819324	USA	N
A/swine/Utah/A02267294/2018	2018-10-10	MK129528	USA	N
A/swine/Utah/A02268698/2018	2018-11-02	MK249080	USA	N
A/swine/Utah/A02427845/2018	2018-12-20	MK405239	USA	N
A/swine/Utah/A02478569/2019	2019-06-25	MN193084	USA	N
A/swine/Utah/A02478591/2019	2019-07-12	MN307926	USA	N
A/swine/Utah/A02478641/2019	2019-09-03	MN517776	USA	N
A/swine/Utah/A02478810/2019	2019-10-25	MT052082	USA	N
A/swine/Utah/A02479127/2020	2020-03-06	MT277366	USA	N
A/swine/Utah/A02479180/2020	2020-03-26	MT367673	USA	N
A/swine/Virginia/A01104140/2019	2019-12-27	MT233941	USA	N
A/swine/Virginia/A01785950/2019	2019-02-06	MK577665	USA	N
A/swine/Virginia/A02478454/2019	2019-04-26	MK967619	USA	N
A/swine/Virginia/A02478581/2019	2019-04-22	MN436839	USA	N
A/swine/Virginia/A02478738/2019	2019-08-29	MN608561	USA	N
A/swine/Wisconsin/A02140875/2018	2018-01-19	MG977436	USA	N
A/swine/Wyoming/A02245222/2019	2019-08-23	MN543888	USA	N
